year,race,division,pageNumber,count
2024,marathon,Runner,1,25
2024,marathon,Runner,2,25
2024,marathon,Runner,3,25
2024,marathon,Runner,4,25
2024,marathon,Runner,5,25
2024,marathon,Runner,6,25
2024,marathon,Runner,7,25
2024,marathon,Runner,8,25
2024,marathon,Runner,9,25
2024,marathon,Runner,10,25
2024,marathon,Runner,11,25
2024,marathon,Runner,12,25
2024,marathon,Runner,13,25
2024,marathon,Runner,14,25
2024,marathon,Runner,15,25
2024,marathon,Runner,16,25
2024,marathon,Runner,17,25
2024,marathon,Runner,18,25
2024,marathon,Runner,19,25
2024,marathon,Runner,20,25
2024,marathon,Runner,21,25
2024,marathon,Runner,22,25
2024,marathon,Runner,23,25
2024,marathon,Runner,24,25
2024,marathon,Runner,25,25
2024,marathon,Runner,26,25
2024,marathon,Runner,27,25
2024,marathon,Runner,28,25
2024,marathon,Runner,29,25
2024,marathon,Runner,30,25
2024,marathon,Runner,31,25
2024,marathon,Runner,32,25
2024,marathon,Runner,33,25
2024,marathon,Runner,34,25
2024,marathon,Runner,35,25
2024,marathon,Runner,36,25
2024,marathon,Runner,37,25
2024,marathon,Runner,38,25
2024,marathon,Runner,39,25
2024,marathon,Runner,40,25
2024,marathon,Runner,41,25
2024,marathon,Runner,42,25
2024,marathon,Runner,43,25
2024,marathon,Runner,44,25
2024,marathon,Runner,45,25
2024,marathon,Runner,46,25
2024,marathon,Runner,47,25
2024,marathon,Runner,48,25
2024,marathon,Runner,49,25
2024,marathon,Runner,50,25
2024,marathon,Runner,51,25
2024,marathon,Runner,52,25
2024,marathon,Runner,53,25
2024,marathon,Runner,54,25
2024,marathon,Runner,55,25
2024,marathon,Runner,56,25
2024,marathon,Runner,57,25
2024,marathon,Runner,58,25
2024,marathon,Runner,59,25
2024,marathon,Runner,60,25
2024,marathon,Runner,61,25
2024,marathon,Runner,62,25
2024,marathon,Runner,63,25
2024,marathon,Runner,64,25
2024,marathon,Runner,65,25
2024,marathon,Runner,66,25
2024,marathon,Runner,67,25
2024,marathon,Runner,68,25
2024,marathon,Runner,69,25
2024,marathon,Runner,70,25
2024,marathon,Runner,71,25
2024,marathon,Runner,72,25
2024,marathon,Runner,73,25
2024,marathon,Runner,74,25
2024,marathon,Runner,75,25
2024,marathon,Runner,76,25
2024,marathon,Runner,77,25
2024,marathon,Runner,78,25
2024,marathon,Runner,79,25
2024,marathon,Runner,80,25
2024,marathon,Runner,81,25
2024,marathon,Runner,82,25
2024,marathon,Runner,83,25
2024,marathon,Runner,84,25
2024,marathon,Runner,85,25
2024,marathon,Runner,86,25
2024,marathon,Runner,87,25
2024,marathon,Runner,88,25
2024,marathon,Runner,89,25
2024,marathon,Runner,90,25
2024,marathon,Runner,91,25
2024,marathon,Runner,92,25
2024,marathon,Runner,93,25
2024,marathon,Runner,94,25
2024,marathon,Runner,95,25
2024,marathon,Runner,96,25
2024,marathon,Runner,97,25
2024,marathon,Runner,98,25
2024,marathon,Runner,99,25
2024,marathon,Runner,100,25
2024,marathon,Runner,101,25
2024,marathon,Runner,102,25
2024,marathon,Runner,103,25
2024,marathon,Runner,104,25
2024,marathon,Runner,105,25
2024,marathon,Runner,106,25
2024,marathon,Runner,107,25
2024,marathon,Runner,108,25
2024,marathon,Runner,109,25
2024,marathon,Runner,110,25
2024,marathon,Runner,111,25
2024,marathon,Runner,112,25
2024,marathon,Runner,113,25
2024,marathon,Runner,114,25
2024,marathon,Runner,115,25
2024,marathon,Runner,116,25
2024,marathon,Runner,117,25
2024,marathon,Runner,118,25
2024,marathon,Runner,119,25
2024,marathon,Runner,120,25
2024,marathon,Runner,121,25
2024,marathon,Runner,122,25
2024,marathon,Runner,123,25
2024,marathon,Runner,124,25
2024,marathon,Runner,125,25
2024,marathon,Runner,126,25
2024,marathon,Runner,127,25
2024,marathon,Runner,128,25
2024,marathon,Runner,129,25
2024,marathon,Runner,130,25
2024,marathon,Runner,131,25
2024,marathon,Runner,132,25
2024,marathon,Runner,133,25
2024,marathon,Runner,134,25
2024,marathon,Runner,135,25
2024,marathon,Runner,136,25
2024,marathon,Runner,137,25
2024,marathon,Runner,138,25
2024,marathon,Runner,139,25
2024,marathon,Runner,140,25
2024,marathon,Runner,141,25
2024,marathon,Runner,142,25
2024,marathon,Runner,143,25
2024,marathon,Runner,144,25
2024,marathon,Runner,145,25
2024,marathon,Runner,146,25
2024,marathon,Runner,147,25
2024,marathon,Runner,148,25
2024,marathon,Runner,149,25
2024,marathon,Runner,150,25
2024,marathon,Runner,151,25
2024,marathon,Runner,152,25
2024,marathon,Runner,153,25
2024,marathon,Runner,154,25
2024,marathon,Runner,155,25
2024,marathon,Runner,156,25
2024,marathon,Runner,157,25
2024,marathon,Runner,158,25
2024,marathon,Runner,159,25
2024,marathon,Runner,160,25
2024,marathon,Runner,161,25
2024,marathon,Runner,162,25
2024,marathon,Runner,163,25
2024,marathon,Runner,164,25
2024,marathon,Runner,165,25
2024,marathon,Runner,166,25
2024,marathon,Runner,167,25
2024,marathon,Runner,168,25
2024,marathon,Runner,169,25
2024,marathon,Runner,170,25
2024,marathon,Runner,171,25
2024,marathon,Runner,172,25
2024,marathon,Runner,173,25
2024,marathon,Runner,174,25
2024,marathon,Runner,175,25
2024,marathon,Runner,176,25
2024,marathon,Runner,177,25
2024,marathon,Runner,178,25
2024,marathon,Runner,179,25
2024,marathon,Runner,180,25
2024,marathon,Runner,181,25
2024,marathon,Runner,182,25
2024,marathon,Runner,183,25
2024,marathon,Runner,184,25
2024,marathon,Runner,185,25
2024,marathon,Runner,186,25
2024,marathon,Runner,187,25
2024,marathon,Runner,188,25
2024,marathon,Runner,189,25
2024,marathon,Runner,190,25
2024,marathon,Runner,191,25
2024,marathon,Runner,192,25
2024,marathon,Runner,193,25
2024,marathon,Runner,194,25
2024,marathon,Runner,195,25
2024,marathon,Runner,196,25
2024,marathon,Runner,197,25
2024,marathon,Runner,198,25
2024,marathon,Runner,199,25
2024,marathon,Runner,200,25
2024,marathon,Runner,201,25
2024,marathon,Runner,202,25
2024,marathon,Runner,203,25
2024,marathon,Runner,204,25
2024,marathon,Runner,205,25
2024,marathon,Runner,206,25
2024,marathon,Runner,207,25
2024,marathon,Runner,208,25
2024,marathon,Runner,209,25
2024,marathon,Runner,210,25
2024,marathon,Runner,211,25
2024,marathon,Runner,212,25
2024,marathon,Runner,213,25
2024,marathon,Runner,214,25
2024,marathon,Runner,215,25
2024,marathon,Runner,216,25
2024,marathon,Runner,217,25
2024,marathon,Runner,218,25
2024,marathon,Runner,219,25
2024,marathon,Runner,220,25
2024,marathon,Runner,221,25
2024,marathon,Runner,222,25
2024,marathon,Runner,223,25
2024,marathon,Runner,224,25
2024,marathon,Runner,225,25
2024,marathon,Runner,226,25
2024,marathon,Runner,227,25
2024,marathon,Runner,228,25
2024,marathon,Runner,229,25
2024,marathon,Runner,230,25
2024,marathon,Runner,231,25
2024,marathon,Runner,232,25
2024,marathon,Runner,233,25
2024,marathon,Runner,234,25
2024,marathon,Runner,235,25
2024,marathon,Runner,236,25
2024,marathon,Runner,237,25
2024,marathon,Runner,238,25
2024,marathon,Runner,239,25
2024,marathon,Runner,240,25
2024,marathon,Runner,241,25
2024,marathon,Runner,242,25
2024,marathon,Runner,243,25
2024,marathon,Runner,244,25
2024,marathon,Runner,245,25
2024,marathon,Runner,246,25
2024,marathon,Runner,247,25
2024,marathon,Runner,248,25
2024,marathon,Runner,249,25
2024,marathon,Runner,250,25
2024,marathon,Runner,251,25
2024,marathon,Runner,252,25
2024,marathon,Runner,253,25
2024,marathon,Runner,254,25
2024,marathon,Runner,255,25
2024,marathon,Runner,256,25
2024,marathon,Runner,257,25
2024,marathon,Runner,258,25
2024,marathon,Runner,259,25
2024,marathon,Runner,260,25
2024,marathon,Runner,261,25
2024,marathon,Runner,262,25
2024,marathon,Runner,263,25
2024,marathon,Runner,264,25
2024,marathon,Runner,265,25
2024,marathon,Runner,266,25
2024,marathon,Runner,267,25
2024,marathon,Runner,268,25
2024,marathon,Runner,269,25
2024,marathon,Runner,270,25
2024,marathon,Runner,271,25
2024,marathon,Runner,272,25
2024,marathon,Runner,273,25
2024,marathon,Runner,274,25
2024,marathon,Runner,275,25
2024,marathon,Runner,276,25
2024,marathon,Runner,277,25
2024,marathon,Runner,278,25
2024,marathon,Runner,279,25
2024,marathon,Runner,280,25
2024,marathon,Runner,281,25
2024,marathon,Runner,282,25
2024,marathon,Runner,283,25
2024,marathon,Runner,284,25
2024,marathon,Runner,285,25
2024,marathon,Runner,286,25
2024,marathon,Runner,287,25
2024,marathon,Runner,288,25
2024,marathon,Runner,289,25
2024,marathon,Runner,290,25
2024,marathon,Runner,291,25
2024,marathon,Runner,292,25
2024,marathon,Runner,293,25
2024,marathon,Runner,294,25
2024,marathon,Runner,295,25
2024,marathon,Runner,296,25
2024,marathon,Runner,297,25
2024,marathon,Runner,298,25
2024,marathon,Runner,299,25
2024,marathon,Runner,300,25
2024,marathon,Runner,301,25
2024,marathon,Runner,302,25
2024,marathon,Runner,303,25
2024,marathon,Runner,304,25
2024,marathon,Runner,305,23
2024,marathon,Wheelchair,1,5
2024,marathon,Handcycle,1,16
2024,marathon,Duo,1,7
2024,halfmarathon,Runner,1,25
2024,halfmarathon,Runner,2,25
2024,halfmarathon,Runner,3,25
2024,halfmarathon,Runner,4,25
2024,halfmarathon,Runner,5,25
2024,halfmarathon,Runner,6,25
2024,halfmarathon,Runner,7,25
2024,halfmarathon,Runner,8,25
2024,halfmarathon,Runner,9,25
2024,halfmarathon,Runner,10,25
2024,halfmarathon,Runner,11,25
2024,halfmarathon,Runner,12,25
2024,halfmarathon,Runner,13,25
2024,halfmarathon,Runner,14,25
2024,halfmarathon,Runner,15,25
2024,halfmarathon,Runner,16,25
2024,halfmarathon,Runner,17,25
2024,halfmarathon,Runner,18,25
2024,halfmarathon,Runner,19,25
2024,halfmarathon,Runner,20,25
2024,halfmarathon,Runner,21,25
2024,halfmarathon,Runner,22,25
2024,halfmarathon,Runner,23,25
2024,halfmarathon,Runner,24,25
2024,halfmarathon,Runner,25,25
2024,halfmarathon,Runner,26,25
2024,halfmarathon,Runner,27,25
2024,halfmarathon,Runner,28,25
2024,halfmarathon,Runner,29,25
2024,halfmarathon,Runner,30,25
2024,halfmarathon,Runner,31,25
2024,halfmarathon,Runner,32,25
2024,halfmarathon,Runner,33,25
2024,halfmarathon,Runner,34,25
2024,halfmarathon,Runner,35,25
2024,halfmarathon,Runner,36,25
2024,halfmarathon,Runner,37,25
2024,halfmarathon,Runner,38,25
2024,halfmarathon,Runner,39,25
2024,halfmarathon,Runner,40,25
2024,halfmarathon,Runner,41,25
2024,halfmarathon,Runner,42,25
2024,halfmarathon,Runner,43,25
2024,halfmarathon,Runner,44,25
2024,halfmarathon,Runner,45,25
2024,halfmarathon,Runner,46,25
2024,halfmarathon,Runner,47,25
2024,halfmarathon,Runner,48,25
2024,halfmarathon,Runner,49,25
2024,halfmarathon,Runner,50,25
2024,halfmarathon,Runner,51,25
2024,halfmarathon,Runner,52,25
2024,halfmarathon,Runner,53,25
2024,halfmarathon,Runner,54,25
2024,halfmarathon,Runner,55,25
2024,halfmarathon,Runner,56,25
2024,halfmarathon,Runner,57,25
2024,halfmarathon,Runner,58,25
2024,halfmarathon,Runner,59,25
2024,halfmarathon,Runner,60,25
2024,halfmarathon,Runner,61,25
2024,halfmarathon,Runner,62,25
2024,halfmarathon,Runner,63,25
2024,halfmarathon,Runner,64,25
2024,halfmarathon,Runner,65,25
2024,halfmarathon,Runner,66,25
2024,halfmarathon,Runner,67,25
2024,halfmarathon,Runner,68,25
2024,halfmarathon,Runner,69,25
2024,halfmarathon,Runner,70,25
2024,halfmarathon,Runner,71,25
2024,halfmarathon,Runner,72,25
2024,halfmarathon,Runner,73,25
2024,halfmarathon,Runner,74,25
2024,halfmarathon,Runner,75,25
2024,halfmarathon,Runner,76,25
2024,halfmarathon,Runner,77,25
2024,halfmarathon,Runner,78,25
2024,halfmarathon,Runner,79,25
2024,halfmarathon,Runner,80,25
2024,halfmarathon,Runner,81,25
2024,halfmarathon,Runner,82,25
2024,halfmarathon,Runner,83,25
2024,halfmarathon,Runner,84,25
2024,halfmarathon,Runner,85,25
2024,halfmarathon,Runner,86,25
2024,halfmarathon,Runner,87,25
2024,halfmarathon,Runner,88,25
2024,halfmarathon,Runner,89,25
2024,halfmarathon,Runner,90,25
2024,halfmarathon,Runner,91,25
2024,halfmarathon,Runner,92,25
2024,halfmarathon,Runner,93,25
2024,halfmarathon,Runner,94,25
2024,halfmarathon,Runner,95,25
2024,halfmarathon,Runner,96,25
2024,halfmarathon,Runner,97,25
2024,halfmarathon,Runner,98,25
2024,halfmarathon,Runner,99,25
2024,halfmarathon,Runner,100,25
2024,halfmarathon,Runner,101,25
2024,halfmarathon,Runner,102,25
2024,halfmarathon,Runner,103,25
2024,halfmarathon,Runner,104,25
2024,halfmarathon,Runner,105,25
2024,halfmarathon,Runner,106,25
2024,halfmarathon,Runner,107,25
2024,halfmarathon,Runner,108,25
2024,halfmarathon,Runner,109,25
2024,halfmarathon,Runner,110,25
2024,halfmarathon,Runner,111,25
2024,halfmarathon,Runner,112,25
2024,halfmarathon,Runner,113,25
2024,halfmarathon,Runner,114,25
2024,halfmarathon,Runner,115,25
2024,halfmarathon,Runner,116,25
2024,halfmarathon,Runner,117,25
2024,halfmarathon,Runner,118,25
2024,halfmarathon,Runner,119,25
2024,halfmarathon,Runner,120,25
2024,halfmarathon,Runner,121,25
2024,halfmarathon,Runner,122,25
2024,halfmarathon,Runner,123,25
2024,halfmarathon,Runner,124,25
2024,halfmarathon,Runner,125,25
2024,halfmarathon,Runner,126,25
2024,halfmarathon,Runner,127,25
2024,halfmarathon,Runner,128,25
2024,halfmarathon,Runner,129,25
2024,halfmarathon,Runner,130,25
2024,halfmarathon,Runner,131,25
2024,halfmarathon,Runner,132,25
2024,halfmarathon,Runner,133,25
2024,halfmarathon,Runner,134,25
2024,halfmarathon,Runner,135,25
2024,halfmarathon,Runner,136,25
2024,halfmarathon,Runner,137,25
2024,halfmarathon,Runner,138,25
2024,halfmarathon,Runner,139,25
2024,halfmarathon,Runner,140,25
2024,halfmarathon,Runner,141,25
2024,halfmarathon,Runner,142,25
2024,halfmarathon,Runner,143,25
2024,halfmarathon,Runner,144,25
2024,halfmarathon,Runner,145,25
2024,halfmarathon,Runner,146,25
2024,halfmarathon,Runner,147,25
2024,halfmarathon,Runner,148,25
2024,halfmarathon,Runner,149,25
2024,halfmarathon,Runner,150,25
2024,halfmarathon,Runner,151,25
2024,halfmarathon,Runner,152,25
2024,halfmarathon,Runner,153,25
2024,halfmarathon,Runner,154,25
2024,halfmarathon,Runner,155,25
2024,halfmarathon,Runner,156,25
2024,halfmarathon,Runner,157,25
2024,halfmarathon,Runner,158,25
2024,halfmarathon,Runner,159,25
2024,halfmarathon,Runner,160,25
2024,halfmarathon,Runner,161,25
2024,halfmarathon,Runner,162,25
2024,halfmarathon,Runner,163,25
2024,halfmarathon,Runner,164,25
2024,halfmarathon,Runner,165,25
2024,halfmarathon,Runner,166,25
2024,halfmarathon,Runner,167,25
2024,halfmarathon,Runner,168,25
2024,halfmarathon,Runner,169,25
2024,halfmarathon,Runner,170,25
2024,halfmarathon,Runner,171,25
2024,halfmarathon,Runner,172,25
2024,halfmarathon,Runner,173,25
2024,halfmarathon,Runner,174,25
2024,halfmarathon,Runner,175,25
2024,halfmarathon,Runner,176,25
2024,halfmarathon,Runner,177,25
2024,halfmarathon,Runner,178,25
2024,halfmarathon,Runner,179,25
2024,halfmarathon,Runner,180,25
2024,halfmarathon,Runner,181,25
2024,halfmarathon,Runner,182,25
2024,halfmarathon,Runner,183,25
2024,halfmarathon,Runner,184,25
2024,halfmarathon,Runner,185,25
2024,halfmarathon,Runner,186,25
2024,halfmarathon,Runner,187,25
2024,halfmarathon,Runner,188,25
2024,halfmarathon,Runner,189,25
2024,halfmarathon,Runner,190,25
2024,halfmarathon,Runner,191,25
2024,halfmarathon,Runner,192,25
2024,halfmarathon,Runner,193,25
2024,halfmarathon,Runner,194,25
2024,halfmarathon,Runner,195,25
2024,halfmarathon,Runner,196,25
2024,halfmarathon,Runner,197,25
2024,halfmarathon,Runner,198,25
2024,halfmarathon,Runner,199,25
2024,halfmarathon,Runner,200,25
2024,halfmarathon,Runner,201,25
2024,halfmarathon,Runner,202,25
2024,halfmarathon,Runner,203,25
2024,halfmarathon,Runner,204,25
2024,halfmarathon,Runner,205,25
2024,halfmarathon,Runner,206,25
2024,halfmarathon,Runner,207,25
2024,halfmarathon,Runner,208,25
2024,halfmarathon,Runner,209,25
2024,halfmarathon,Runner,210,25
2024,halfmarathon,Runner,211,25
2024,halfmarathon,Runner,212,25
2024,halfmarathon,Runner,213,25
2024,halfmarathon,Runner,214,25
2024,halfmarathon,Runner,215,25
2024,halfmarathon,Runner,216,25
2024,halfmarathon,Runner,217,25
2024,halfmarathon,Runner,218,25
2024,halfmarathon,Runner,219,25
2024,halfmarathon,Runner,220,25
2024,halfmarathon,Runner,221,25
2024,halfmarathon,Runner,222,25
2024,halfmarathon,Runner,223,25
2024,halfmarathon,Runner,224,25
2024,halfmarathon,Runner,225,25
2024,halfmarathon,Runner,226,25
2024,halfmarathon,Runner,227,25
2024,halfmarathon,Runner,228,25
2024,halfmarathon,Runner,229,25
2024,halfmarathon,Runner,230,25
2024,halfmarathon,Runner,231,25
2024,halfmarathon,Runner,232,25
2024,halfmarathon,Runner,233,25
2024,halfmarathon,Runner,234,25
2024,halfmarathon,Runner,235,25
2024,halfmarathon,Runner,236,25
2024,halfmarathon,Runner,237,25
2024,halfmarathon,Runner,238,25
2024,halfmarathon,Runner,239,25
2024,halfmarathon,Runner,240,25
2024,halfmarathon,Runner,241,25
2024,halfmarathon,Runner,242,25
2024,halfmarathon,Runner,243,25
2024,halfmarathon,Runner,244,25
2024,halfmarathon,Runner,245,25
2024,halfmarathon,Runner,246,25
2024,halfmarathon,Runner,247,25
2024,halfmarathon,Runner,248,25
2024,halfmarathon,Runner,249,25
2024,halfmarathon,Runner,250,25
2024,halfmarathon,Runner,251,25
2024,halfmarathon,Runner,252,25
2024,halfmarathon,Runner,253,25
2024,halfmarathon,Runner,254,25
2024,halfmarathon,Runner,255,25
2024,halfmarathon,Runner,256,25
2024,halfmarathon,Runner,257,25
2024,halfmarathon,Runner,258,25
2024,halfmarathon,Runner,259,25
2024,halfmarathon,Runner,260,25
2024,halfmarathon,Runner,261,25
2024,halfmarathon,Runner,262,25
2024,halfmarathon,Runner,263,25
2024,halfmarathon,Runner,264,25
2024,halfmarathon,Runner,265,25
2024,halfmarathon,Runner,266,25
2024,halfmarathon,Runner,267,25
2024,halfmarathon,Runner,268,25
2024,halfmarathon,Runner,269,25
2024,halfmarathon,Runner,270,25
2024,halfmarathon,Runner,271,25
2024,halfmarathon,Runner,272,25
2024,halfmarathon,Runner,273,25
2024,halfmarathon,Runner,274,25
2024,halfmarathon,Runner,275,25
2024,halfmarathon,Runner,276,25
2024,halfmarathon,Runner,277,25
2024,halfmarathon,Runner,278,25
2024,halfmarathon,Runner,279,25
2024,halfmarathon,Runner,280,25
2024,halfmarathon,Runner,281,25
2024,halfmarathon,Runner,282,25
2024,halfmarathon,Runner,283,25
2024,halfmarathon,Runner,284,25
2024,halfmarathon,Runner,285,25
2024,halfmarathon,Runner,286,25
2024,halfmarathon,Runner,287,25
2024,halfmarathon,Runner,288,25
2024,halfmarathon,Runner,289,25
2024,halfmarathon,Runner,290,25
2024,halfmarathon,Runner,291,25
2024,halfmarathon,Runner,292,25
2024,halfmarathon,Runner,293,25
2024,halfmarathon,Runner,294,25
2024,halfmarathon,Runner,295,25
2024,halfmarathon,Runner,296,25
2024,halfmarathon,Runner,297,25
2024,halfmarathon,Runner,298,25
2024,halfmarathon,Runner,299,25
2024,halfmarathon,Runner,300,25
2024,halfmarathon,Runner,301,25
2024,halfmarathon,Runner,302,25
2024,halfmarathon,Runner,303,25
2024,halfmarathon,Runner,304,25
2024,halfmarathon,Runner,305,25
2024,halfmarathon,Runner,306,25
2024,halfmarathon,Runner,307,25
2024,halfmarathon,Runner,308,25
2024,halfmarathon,Runner,309,25
2024,halfmarathon,Runner,310,25
2024,halfmarathon,Runner,311,25
2024,halfmarathon,Runner,312,25
2024,halfmarathon,Runner,313,25
2024,halfmarathon,Runner,314,25
2024,halfmarathon,Runner,315,25
2024,halfmarathon,Runner,316,25
2024,halfmarathon,Runner,317,25
2024,halfmarathon,Runner,318,25
2024,halfmarathon,Runner,319,25
2024,halfmarathon,Runner,320,25
2024,halfmarathon,Runner,321,25
2024,halfmarathon,Runner,322,25
2024,halfmarathon,Runner,323,25
2024,halfmarathon,Runner,324,25
2024,halfmarathon,Runner,325,25
2024,halfmarathon,Runner,326,25
2024,halfmarathon,Runner,327,25
2024,halfmarathon,Runner,328,25
2024,halfmarathon,Runner,329,25
2024,halfmarathon,Runner,330,25
2024,halfmarathon,Runner,331,25
2024,halfmarathon,Runner,332,25
2024,halfmarathon,Runner,333,25
2024,halfmarathon,Runner,334,25
2024,halfmarathon,Runner,335,25
2024,halfmarathon,Runner,336,25
2024,halfmarathon,Runner,337,25
2024,halfmarathon,Runner,338,25
2024,halfmarathon,Runner,339,25
2024,halfmarathon,Runner,340,25
2024,halfmarathon,Runner,341,25
2024,halfmarathon,Runner,342,25
2024,halfmarathon,Runner,343,25
2024,halfmarathon,Runner,344,25
2024,halfmarathon,Runner,345,25
2024,halfmarathon,Runner,346,25
2024,halfmarathon,Runner,347,25
2024,halfmarathon,Runner,348,25
2024,halfmarathon,Runner,349,25
2024,halfmarathon,Runner,350,25
2024,halfmarathon,Runner,351,25
2024,halfmarathon,Runner,352,25
2024,halfmarathon,Runner,353,25
2024,halfmarathon,Runner,354,25
2024,halfmarathon,Runner,355,25
2024,halfmarathon,Runner,356,25
2024,halfmarathon,Runner,357,25
2024,halfmarathon,Runner,358,25
2024,halfmarathon,Runner,359,25
2024,halfmarathon,Runner,360,25
2024,halfmarathon,Runner,361,25
2024,halfmarathon,Runner,362,25
2024,halfmarathon,Runner,363,25
2024,halfmarathon,Runner,364,25
2024,halfmarathon,Runner,365,25
2024,halfmarathon,Runner,366,25
2024,halfmarathon,Runner,367,25
2024,halfmarathon,Runner,368,25
2024,halfmarathon,Runner,369,25
2024,halfmarathon,Runner,370,25
2024,halfmarathon,Runner,371,25
2024,halfmarathon,Runner,372,25
2024,halfmarathon,Runner,373,25
2024,halfmarathon,Runner,374,25
2024,halfmarathon,Runner,375,25
2024,halfmarathon,Runner,376,25
2024,halfmarathon,Runner,377,25
2024,halfmarathon,Runner,378,25
2024,halfmarathon,Runner,379,25
2024,halfmarathon,Runner,380,25
2024,halfmarathon,Runner,381,25
2024,halfmarathon,Runner,382,25
2024,halfmarathon,Runner,383,25
2024,halfmarathon,Runner,384,25
2024,halfmarathon,Runner,385,25
2024,halfmarathon,Runner,386,25
2024,halfmarathon,Runner,387,25
2024,halfmarathon,Runner,388,25
2024,halfmarathon,Runner,389,25
2024,halfmarathon,Runner,390,25
2024,halfmarathon,Runner,391,25
2024,halfmarathon,Runner,392,25
2024,halfmarathon,Runner,393,25
2024,halfmarathon,Runner,394,25
2024,halfmarathon,Runner,395,25
2024,halfmarathon,Runner,396,25
2024,halfmarathon,Runner,397,25
2024,halfmarathon,Runner,398,25
2024,halfmarathon,Runner,399,25
2024,halfmarathon,Runner,400,25
2024,halfmarathon,Runner,401,25
2024,halfmarathon,Runner,402,25
2024,halfmarathon,Runner,403,25
2024,halfmarathon,Runner,404,25
2024,halfmarathon,Runner,405,25
2024,halfmarathon,Runner,406,25
2024,halfmarathon,Runner,407,25
2024,halfmarathon,Runner,408,25
2024,halfmarathon,Runner,409,25
2024,halfmarathon,Runner,410,25
2024,halfmarathon,Runner,411,25
2024,halfmarathon,Runner,412,25
2024,halfmarathon,Runner,413,25
2024,halfmarathon,Runner,414,25
2024,halfmarathon,Runner,415,25
2024,halfmarathon,Runner,416,25
2024,halfmarathon,Runner,417,25
2024,halfmarathon,Runner,418,25
2024,halfmarathon,Runner,419,25
2024,halfmarathon,Runner,420,25
2024,halfmarathon,Runner,421,25
2024,halfmarathon,Runner,422,25
2024,halfmarathon,Runner,423,25
2024,halfmarathon,Runner,424,25
2024,halfmarathon,Runner,425,25
2024,halfmarathon,Runner,426,25
2024,halfmarathon,Runner,427,25
2024,halfmarathon,Runner,428,25
2024,halfmarathon,Runner,429,25
2024,halfmarathon,Runner,430,25
2024,halfmarathon,Runner,431,25
2024,halfmarathon,Runner,432,25
2024,halfmarathon,Runner,433,25
2024,halfmarathon,Runner,434,25
2024,halfmarathon,Runner,435,25
2024,halfmarathon,Runner,436,25
2024,halfmarathon,Runner,437,25
2024,halfmarathon,Runner,438,25
2024,halfmarathon,Runner,439,25
2024,halfmarathon,Runner,440,25
2024,halfmarathon,Runner,441,25
2024,halfmarathon,Runner,442,25
2024,halfmarathon,Runner,443,25
2024,halfmarathon,Runner,444,25
2024,halfmarathon,Runner,445,25
2024,halfmarathon,Runner,446,25
2024,halfmarathon,Runner,447,25
2024,halfmarathon,Runner,448,25
2024,halfmarathon,Runner,449,25
2024,halfmarathon,Runner,450,25
2024,halfmarathon,Runner,451,25
2024,halfmarathon,Runner,452,25
2024,halfmarathon,Runner,453,25
2024,halfmarathon,Runner,454,25
2024,halfmarathon,Runner,455,25
2024,halfmarathon,Runner,456,25
2024,halfmarathon,Runner,457,25
2024,halfmarathon,Runner,458,25
2024,halfmarathon,Runner,459,25
2024,halfmarathon,Runner,460,25
2024,halfmarathon,Runner,461,25
2024,halfmarathon,Runner,462,25
2024,halfmarathon,Runner,463,25
2024,halfmarathon,Runner,464,25
2024,halfmarathon,Runner,465,25
2024,halfmarathon,Runner,466,25
2024,halfmarathon,Runner,467,25
2024,halfmarathon,Runner,468,25
2024,halfmarathon,Runner,469,25
2024,halfmarathon,Runner,470,25
2024,halfmarathon,Runner,471,25
2024,halfmarathon,Runner,472,25
2024,halfmarathon,Runner,473,25
2024,halfmarathon,Runner,474,25
2024,halfmarathon,Runner,475,25
2024,halfmarathon,Runner,476,25
2024,halfmarathon,Runner,477,25
2024,halfmarathon,Runner,478,25
2024,halfmarathon,Runner,479,25
2024,halfmarathon,Runner,480,25
2024,halfmarathon,Runner,481,25
2024,halfmarathon,Runner,482,25
2024,halfmarathon,Runner,483,25
2024,halfmarathon,Runner,484,25
2024,halfmarathon,Runner,485,25
2024,halfmarathon,Runner,486,25
2024,halfmarathon,Runner,487,25
2024,halfmarathon,Runner,488,25
2024,halfmarathon,Runner,489,25
2024,halfmarathon,Runner,490,25
2024,halfmarathon,Runner,491,25
2024,halfmarathon,Runner,492,25
2024,halfmarathon,Runner,493,25
2024,halfmarathon,Runner,494,25
2024,halfmarathon,Runner,495,25
2024,halfmarathon,Runner,496,25
2024,halfmarathon,Runner,497,25
2024,halfmarathon,Runner,498,25
2024,halfmarathon,Runner,499,25
2024,halfmarathon,Runner,500,25
2024,halfmarathon,Runner,501,25
2024,halfmarathon,Runner,502,25
2024,halfmarathon,Runner,503,25
2024,halfmarathon,Runner,504,25
2024,halfmarathon,Runner,505,25
2024,halfmarathon,Runner,506,25
2024,halfmarathon,Runner,507,25
2024,halfmarathon,Runner,508,25
2024,halfmarathon,Runner,509,25
2024,halfmarathon,Runner,510,25
2024,halfmarathon,Runner,511,25
2024,halfmarathon,Runner,512,25
2024,halfmarathon,Runner,513,25
2024,halfmarathon,Runner,514,25
2024,halfmarathon,Runner,515,25
2024,halfmarathon,Runner,516,25
2024,halfmarathon,Runner,517,25
2024,halfmarathon,Runner,518,25
2024,halfmarathon,Runner,519,25
2024,halfmarathon,Runner,520,25
2024,halfmarathon,Runner,521,25
2024,halfmarathon,Runner,522,25
2024,halfmarathon,Runner,523,25
2024,halfmarathon,Runner,524,25
2024,halfmarathon,Runner,525,25
2024,halfmarathon,Runner,526,25
2024,halfmarathon,Runner,527,25
2024,halfmarathon,Runner,528,25
2024,halfmarathon,Runner,529,25
2024,halfmarathon,Runner,530,25
2024,halfmarathon,Runner,531,25
2024,halfmarathon,Runner,532,25
2024,halfmarathon,Runner,533,25
2024,halfmarathon,Runner,534,25
2024,halfmarathon,Runner,535,25
2024,halfmarathon,Runner,536,25
2024,halfmarathon,Runner,537,25
2024,halfmarathon,Runner,538,25
2024,halfmarathon,Runner,539,25
2024,halfmarathon,Runner,540,25
2024,halfmarathon,Runner,541,25
2024,halfmarathon,Runner,542,25
2024,halfmarathon,Runner,543,25
2024,halfmarathon,Runner,544,25
2024,halfmarathon,Runner,545,25
2024,halfmarathon,Runner,546,25
2024,halfmarathon,Runner,547,25
2024,halfmarathon,Runner,548,25
2024,halfmarathon,Runner,549,25
2024,halfmarathon,Runner,550,25
2024,halfmarathon,Runner,551,25
2024,halfmarathon,Runner,552,25
2024,halfmarathon,Runner,553,25
2024,halfmarathon,Runner,554,25
2024,halfmarathon,Runner,555,25
2024,halfmarathon,Runner,556,25
2024,halfmarathon,Runner,557,25
2024,halfmarathon,Runner,558,25
2024,halfmarathon,Runner,559,25
2024,halfmarathon,Runner,560,25
2024,halfmarathon,Runner,561,25
2024,halfmarathon,Runner,562,25
2024,halfmarathon,Runner,563,25
2024,halfmarathon,Runner,564,25
2024,halfmarathon,Runner,565,25
2024,halfmarathon,Runner,566,25
2024,halfmarathon,Runner,567,25
2024,halfmarathon,Runner,568,25
2024,halfmarathon,Runner,569,25
2024,halfmarathon,Runner,570,25
2024,halfmarathon,Runner,571,25
2024,halfmarathon,Runner,572,12
2024,halfmarathon,Wheelchair,1,9
2024,halfmarathon,Handcycle,1,5
2024,halfmarathon,Duo,1,14
2024,5k,Runner,1,25
2024,5k,Runner,2,25
2024,5k,Runner,3,25
2024,5k,Runner,4,25
2024,5k,Runner,5,25
2024,5k,Runner,6,25
2024,5k,Runner,7,25
2024,5k,Runner,8,25
2024,5k,Runner,9,25
2024,5k,Runner,10,25
2024,5k,Runner,11,25
2024,5k,Runner,12,25
2024,5k,Runner,13,25
2024,5k,Runner,14,25
2024,5k,Runner,15,25
2024,5k,Runner,16,25
2024,5k,Runner,17,25
2024,5k,Runner,18,25
2024,5k,Runner,19,25
2024,5k,Runner,20,25
2024,5k,Runner,21,25
2024,5k,Runner,22,25
2024,5k,Runner,23,25
2024,5k,Runner,24,25
2024,5k,Runner,25,25
2024,5k,Runner,26,25
2024,5k,Runner,27,25
2024,5k,Runner,28,25
2024,5k,Runner,29,25
2024,5k,Runner,30,25
2024,5k,Runner,31,25
2024,5k,Runner,32,25
2024,5k,Runner,33,25
2024,5k,Runner,34,25
2024,5k,Runner,35,25
2024,5k,Runner,36,25
2024,5k,Runner,37,25
2024,5k,Runner,38,25
2024,5k,Runner,39,25
2024,5k,Runner,40,25
2024,5k,Runner,41,25
2024,5k,Runner,42,25
2024,5k,Runner,43,25
2024,5k,Runner,44,25
2024,5k,Runner,45,25
2024,5k,Runner,46,25
2024,5k,Runner,47,25
2024,5k,Runner,48,25
2024,5k,Runner,49,25
2024,5k,Runner,50,25
2024,5k,Runner,51,25
2024,5k,Runner,52,25
2024,5k,Runner,53,25
2024,5k,Runner,54,25
2024,5k,Runner,55,25
2024,5k,Runner,56,25
2024,5k,Runner,57,25
2024,5k,Runner,58,25
2024,5k,Runner,59,25
2024,5k,Runner,60,25
2024,5k,Runner,61,25
2024,5k,Runner,62,25
2024,5k,Runner,63,25
2024,5k,Runner,64,25
2024,5k,Runner,65,25
2024,5k,Runner,66,25
2024,5k,Runner,67,25
2024,5k,Runner,68,25
2024,5k,Runner,69,25
2024,5k,Runner,70,25
2024,5k,Runner,71,25
2024,5k,Runner,72,25
2024,5k,Runner,73,25
2024,5k,Runner,74,25
2024,5k,Runner,75,25
2024,5k,Runner,76,25
2024,5k,Runner,77,25
2024,5k,Runner,78,25
2024,5k,Runner,79,25
2024,5k,Runner,80,25
2024,5k,Runner,81,25
2024,5k,Runner,82,25
2024,5k,Runner,83,25
2024,5k,Runner,84,25
2024,5k,Runner,85,25
2024,5k,Runner,86,25
2024,5k,Runner,87,25
2024,5k,Runner,88,25
2024,5k,Runner,89,25
2024,5k,Runner,90,25
2024,5k,Runner,91,25
2024,5k,Runner,92,25
2024,5k,Runner,93,25
2024,5k,Runner,94,25
2024,5k,Runner,95,25
2024,5k,Runner,96,25
2024,5k,Runner,97,25
2024,5k,Runner,98,25
2024,5k,Runner,99,25
2024,5k,Runner,100,25
2024,5k,Runner,101,25
2024,5k,Runner,102,25
2024,5k,Runner,103,25
2024,5k,Runner,104,25
2024,5k,Runner,105,25
2024,5k,Runner,106,25
2024,5k,Runner,107,25
2024,5k,Runner,108,25
2024,5k,Runner,109,25
2024,5k,Runner,110,25
2024,5k,Runner,111,25
2024,5k,Runner,112,25
2024,5k,Runner,113,25
2024,5k,Runner,114,25
2024,5k,Runner,115,25
2024,5k,Runner,116,25
2024,5k,Runner,117,25
2024,5k,Runner,118,25
2024,5k,Runner,119,25
2024,5k,Runner,120,25
2024,5k,Runner,121,25
2024,5k,Runner,122,25
2024,5k,Runner,123,25
2024,5k,Runner,124,25
2024,5k,Runner,125,25
2024,5k,Runner,126,25
2024,5k,Runner,127,25
2024,5k,Runner,128,25
2024,5k,Runner,129,25
2024,5k,Runner,130,25
2024,5k,Runner,131,25
2024,5k,Runner,132,25
2024,5k,Runner,133,25
2024,5k,Runner,134,25
2024,5k,Runner,135,25
2024,5k,Runner,136,25
2024,5k,Runner,137,25
2024,5k,Runner,138,25
2024,5k,Runner,139,25
2024,5k,Runner,140,25
2024,5k,Runner,141,25
2024,5k,Runner,142,25
2024,5k,Runner,143,25
2024,5k,Runner,144,25
2024,5k,Runner,145,25
2024,5k,Runner,146,25
2024,5k,Runner,147,25
2024,5k,Runner,148,25
2024,5k,Runner,149,25
2024,5k,Runner,150,25
2024,5k,Runner,151,25
2024,5k,Runner,152,25
2024,5k,Runner,153,25
2024,5k,Runner,154,25
2024,5k,Runner,155,25
2024,5k,Runner,156,25
2024,5k,Runner,157,25
2024,5k,Runner,158,25
2024,5k,Runner,159,25
2024,5k,Runner,160,25
2024,5k,Runner,161,25
2024,5k,Runner,162,25
2024,5k,Runner,163,25
2024,5k,Runner,164,25
2024,5k,Runner,165,25
2024,5k,Runner,166,25
2024,5k,Runner,167,25
2024,5k,Runner,168,25
2024,5k,Runner,169,25
2024,5k,Runner,170,25
2024,5k,Runner,171,25
2024,5k,Runner,172,25
2024,5k,Runner,173,25
2024,5k,Runner,174,25
2024,5k,Runner,175,25
2024,5k,Runner,176,25
2024,5k,Runner,177,25
2024,5k,Runner,178,25
2024,5k,Runner,179,25
2024,5k,Runner,180,25
2024,5k,Runner,181,25
2024,5k,Runner,182,25
2024,5k,Runner,183,25
2024,5k,Runner,184,25
2024,5k,Runner,185,25
2024,5k,Runner,186,25
2024,5k,Runner,187,25
2024,5k,Runner,188,25
2024,5k,Runner,189,25
2024,5k,Runner,190,25
2024,5k,Runner,191,25
2024,5k,Runner,192,25
2024,5k,Runner,193,25
2024,5k,Runner,194,25
2024,5k,Runner,195,25
2024,5k,Runner,196,25
2024,5k,Runner,197,25
2024,5k,Runner,198,25
2024,5k,Runner,199,25
2024,5k,Runner,200,25
2024,5k,Runner,201,25
2024,5k,Runner,202,25
2024,5k,Runner,203,2
2024,5k,Wheelchair,1,13
2024,5k,Handcycle,1,4
2024,5k,Duo,1,1
2023,marathon,Runner,1,25
2023,marathon,Runner,2,25
2023,marathon,Runner,3,25
2023,marathon,Runner,4,25
2023,marathon,Runner,5,25
2023,marathon,Runner,6,25
2023,marathon,Runner,7,25
2023,marathon,Runner,8,25
2023,marathon,Runner,9,25
2023,marathon,Runner,10,25
2023,marathon,Runner,11,25
2023,marathon,Runner,12,25
2023,marathon,Runner,13,25
2023,marathon,Runner,14,25
2023,marathon,Runner,15,25
2023,marathon,Runner,16,25
2023,marathon,Runner,17,25
2023,marathon,Runner,18,25
2023,marathon,Runner,19,25
2023,marathon,Runner,20,25
2023,marathon,Runner,21,25
2023,marathon,Runner,22,25
2023,marathon,Runner,23,25
2023,marathon,Runner,24,25
2023,marathon,Runner,25,25
2023,marathon,Runner,26,25
2023,marathon,Runner,27,25
2023,marathon,Runner,28,25
2023,marathon,Runner,29,25
2023,marathon,Runner,30,25
2023,marathon,Runner,31,25
2023,marathon,Runner,32,25
2023,marathon,Runner,33,25
2023,marathon,Runner,34,25
2023,marathon,Runner,35,25
2023,marathon,Runner,36,25
2023,marathon,Runner,37,25
2023,marathon,Runner,38,25
2023,marathon,Runner,39,25
2023,marathon,Runner,40,25
2023,marathon,Runner,41,25
2023,marathon,Runner,42,25
2023,marathon,Runner,43,25
2023,marathon,Runner,44,25
2023,marathon,Runner,45,25
2023,marathon,Runner,46,25
2023,marathon,Runner,47,25
2023,marathon,Runner,48,25
2023,marathon,Runner,49,25
2023,marathon,Runner,50,25
2023,marathon,Runner,51,25
2023,marathon,Runner,52,25
2023,marathon,Runner,53,25
2023,marathon,Runner,54,25
2023,marathon,Runner,55,25
2023,marathon,Runner,56,25
2023,marathon,Runner,57,25
2023,marathon,Runner,58,25
2023,marathon,Runner,59,25
2023,marathon,Runner,60,25
2023,marathon,Runner,61,25
2023,marathon,Runner,62,25
2023,marathon,Runner,63,25
2023,marathon,Runner,64,25
2023,marathon,Runner,65,25
2023,marathon,Runner,66,25
2023,marathon,Runner,67,25
2023,marathon,Runner,68,25
2023,marathon,Runner,69,25
2023,marathon,Runner,70,25
2023,marathon,Runner,71,25
2023,marathon,Runner,72,25
2023,marathon,Runner,73,25
2023,marathon,Runner,74,25
2023,marathon,Runner,75,25
2023,marathon,Runner,76,25
2023,marathon,Runner,77,25
2023,marathon,Runner,78,25
2023,marathon,Runner,79,25
2023,marathon,Runner,80,25
2023,marathon,Runner,81,25
2023,marathon,Runner,82,25
2023,marathon,Runner,83,25
2023,marathon,Runner,84,25
2023,marathon,Runner,85,25
2023,marathon,Runner,86,25
2023,marathon,Runner,87,25
2023,marathon,Runner,88,25
2023,marathon,Runner,89,25
2023,marathon,Runner,90,25
2023,marathon,Runner,91,25
2023,marathon,Runner,92,25
2023,marathon,Runner,93,25
2023,marathon,Runner,94,25
2023,marathon,Runner,95,25
2023,marathon,Runner,96,25
2023,marathon,Runner,97,25
2023,marathon,Runner,98,25
2023,marathon,Runner,99,25
2023,marathon,Runner,100,25
2023,marathon,Runner,101,25
2023,marathon,Runner,102,25
2023,marathon,Runner,103,25
2023,marathon,Runner,104,25
2023,marathon,Runner,105,25
2023,marathon,Runner,106,25
2023,marathon,Runner,107,25
2023,marathon,Runner,108,25
2023,marathon,Runner,109,25
2023,marathon,Runner,110,25
2023,marathon,Runner,111,25
2023,marathon,Runner,112,25
2023,marathon,Runner,113,25
2023,marathon,Runner,114,25
2023,marathon,Runner,115,25
2023,marathon,Runner,116,25
2023,marathon,Runner,117,25
2023,marathon,Runner,118,25
2023,marathon,Runner,119,25
2023,marathon,Runner,120,25
2023,marathon,Runner,121,25
2023,marathon,Runner,122,25
2023,marathon,Runner,123,25
2023,marathon,Runner,124,25
2023,marathon,Runner,125,25
2023,marathon,Runner,126,25
2023,marathon,Runner,127,25
2023,marathon,Runner,128,25
2023,marathon,Runner,129,25
2023,marathon,Runner,130,25
2023,marathon,Runner,131,25
2023,marathon,Runner,132,25
2023,marathon,Runner,133,25
2023,marathon,Runner,134,25
2023,marathon,Runner,135,25
2023,marathon,Runner,136,25
2023,marathon,Runner,137,25
2023,marathon,Runner,138,25
2023,marathon,Runner,139,25
2023,marathon,Runner,140,25
2023,marathon,Runner,141,25
2023,marathon,Runner,142,25
2023,marathon,Runner,143,25
2023,marathon,Runner,144,25
2023,marathon,Runner,145,25
2023,marathon,Runner,146,25
2023,marathon,Runner,147,25
2023,marathon,Runner,148,25
2023,marathon,Runner,149,25
2023,marathon,Runner,150,25
2023,marathon,Runner,151,25
2023,marathon,Runner,152,25
2023,marathon,Runner,153,25
2023,marathon,Runner,154,25
2023,marathon,Runner,155,25
2023,marathon,Runner,156,25
2023,marathon,Runner,157,25
2023,marathon,Runner,158,25
2023,marathon,Runner,159,25
2023,marathon,Runner,160,25
2023,marathon,Runner,161,25
2023,marathon,Runner,162,25
2023,marathon,Runner,163,25
2023,marathon,Runner,164,25
2023,marathon,Runner,165,25
2023,marathon,Runner,166,25
2023,marathon,Runner,167,25
2023,marathon,Runner,168,25
2023,marathon,Runner,169,25
2023,marathon,Runner,170,25
2023,marathon,Runner,171,25
2023,marathon,Runner,172,25
2023,marathon,Runner,173,25
2023,marathon,Runner,174,25
2023,marathon,Runner,175,25
2023,marathon,Runner,176,25
2023,marathon,Runner,177,25
2023,marathon,Runner,178,25
2023,marathon,Runner,179,25
2023,marathon,Runner,180,25
2023,marathon,Runner,181,25
2023,marathon,Runner,182,25
2023,marathon,Runner,183,25
2023,marathon,Runner,184,25
2023,marathon,Runner,185,25
2023,marathon,Runner,186,25
2023,marathon,Runner,187,25
2023,marathon,Runner,188,25
2023,marathon,Runner,189,25
2023,marathon,Runner,190,25
2023,marathon,Runner,191,25
2023,marathon,Runner,192,25
2023,marathon,Runner,193,25
2023,marathon,Runner,194,25
2023,marathon,Runner,195,25
2023,marathon,Runner,196,25
2023,marathon,Runner,197,25
2023,marathon,Runner,198,25
2023,marathon,Runner,199,25
2023,marathon,Runner,200,25
2023,marathon,Runner,201,25
2023,marathon,Runner,202,25
2023,marathon,Runner,203,25
2023,marathon,Runner,204,25
2023,marathon,Runner,205,25
2023,marathon,Runner,206,25
2023,marathon,Runner,207,25
2023,marathon,Runner,208,25
2023,marathon,Runner,209,25
2023,marathon,Runner,210,25
2023,marathon,Runner,211,25
2023,marathon,Runner,212,25
2023,marathon,Runner,213,25
2023,marathon,Runner,214,25
2023,marathon,Runner,215,25
2023,marathon,Runner,216,25
2023,marathon,Runner,217,25
2023,marathon,Runner,218,25
2023,marathon,Runner,219,25
2023,marathon,Runner,220,25
2023,marathon,Runner,221,25
2023,marathon,Runner,222,25
2023,marathon,Runner,223,25
2023,marathon,Runner,224,25
2023,marathon,Runner,225,25
2023,marathon,Runner,226,25
2023,marathon,Runner,227,25
2023,marathon,Runner,228,25
2023,marathon,Runner,229,25
2023,marathon,Runner,230,25
2023,marathon,Runner,231,25
2023,marathon,Runner,232,25
2023,marathon,Runner,233,25
2023,marathon,Runner,234,25
2023,marathon,Runner,235,25
2023,marathon,Runner,236,25
2023,marathon,Runner,237,25
2023,marathon,Runner,238,25
2023,marathon,Runner,239,25
2023,marathon,Runner,240,25
2023,marathon,Runner,241,25
2023,marathon,Runner,242,25
2023,marathon,Runner,243,25
2023,marathon,Runner,244,25
2023,marathon,Runner,245,25
2023,marathon,Runner,246,25
2023,marathon,Runner,247,25
2023,marathon,Runner,248,25
2023,marathon,Runner,249,25
2023,marathon,Runner,250,25
2023,marathon,Runner,251,25
2023,marathon,Runner,252,25
2023,marathon,Runner,253,25
2023,marathon,Runner,254,25
2023,marathon,Runner,255,25
2023,marathon,Runner,256,25
2023,marathon,Runner,257,25
2023,marathon,Runner,258,25
2023,marathon,Runner,259,25
2023,marathon,Runner,260,25
2023,marathon,Runner,261,25
2023,marathon,Runner,262,25
2023,marathon,Runner,263,25
2023,marathon,Runner,264,25
2023,marathon,Runner,265,25
2023,marathon,Runner,266,25
2023,marathon,Runner,267,25
2023,marathon,Runner,268,25
2023,marathon,Runner,269,16
2023,marathon,Wheelchair,1,8
2023,marathon,Handcycle,1,16
2023,marathon,Duo,1,8
2023,halfmarathon,Runner,1,25
2023,halfmarathon,Runner,2,25
2023,halfmarathon,Runner,3,25
2023,halfmarathon,Runner,4,25
2023,halfmarathon,Runner,5,25
2023,halfmarathon,Runner,6,25
2023,halfmarathon,Runner,7,25
2023,halfmarathon,Runner,8,25
2023,halfmarathon,Runner,9,25
2023,halfmarathon,Runner,10,25
2023,halfmarathon,Runner,11,25
2023,halfmarathon,Runner,12,25
2023,halfmarathon,Runner,13,25
2023,halfmarathon,Runner,14,25
2023,halfmarathon,Runner,15,25
2023,halfmarathon,Runner,16,25
2023,halfmarathon,Runner,17,25
2023,halfmarathon,Runner,18,25
2023,halfmarathon,Runner,19,25
2023,halfmarathon,Runner,20,25
2023,halfmarathon,Runner,21,25
2023,halfmarathon,Runner,22,25
2023,halfmarathon,Runner,23,25
2023,halfmarathon,Runner,24,25
2023,halfmarathon,Runner,25,25
2023,halfmarathon,Runner,26,25
2023,halfmarathon,Runner,27,25
2023,halfmarathon,Runner,28,25
2023,halfmarathon,Runner,29,25
2023,halfmarathon,Runner,30,25
2023,halfmarathon,Runner,31,25
2023,halfmarathon,Runner,32,25
2023,halfmarathon,Runner,33,25
2023,halfmarathon,Runner,34,25
2023,halfmarathon,Runner,35,25
2023,halfmarathon,Runner,36,25
2023,halfmarathon,Runner,37,25
2023,halfmarathon,Runner,38,25
2023,halfmarathon,Runner,39,25
2023,halfmarathon,Runner,40,25
2023,halfmarathon,Runner,41,25
2023,halfmarathon,Runner,42,25
2023,halfmarathon,Runner,43,25
2023,halfmarathon,Runner,44,25
2023,halfmarathon,Runner,45,25
2023,halfmarathon,Runner,46,25
2023,halfmarathon,Runner,47,25
2023,halfmarathon,Runner,48,25
2023,halfmarathon,Runner,49,25
2023,halfmarathon,Runner,50,25
2023,halfmarathon,Runner,51,25
2023,halfmarathon,Runner,52,25
2023,halfmarathon,Runner,53,25
2023,halfmarathon,Runner,54,25
2023,halfmarathon,Runner,55,25
2023,halfmarathon,Runner,56,25
2023,halfmarathon,Runner,57,25
2023,halfmarathon,Runner,58,25
2023,halfmarathon,Runner,59,25
2023,halfmarathon,Runner,60,25
2023,halfmarathon,Runner,61,25
2023,halfmarathon,Runner,62,25
2023,halfmarathon,Runner,63,25
2023,halfmarathon,Runner,64,25
2023,halfmarathon,Runner,65,25
2023,halfmarathon,Runner,66,25
2023,halfmarathon,Runner,67,25
2023,halfmarathon,Runner,68,25
2023,halfmarathon,Runner,69,25
2023,halfmarathon,Runner,70,25
2023,halfmarathon,Runner,71,25
2023,halfmarathon,Runner,72,25
2023,halfmarathon,Runner,73,25
2023,halfmarathon,Runner,74,25
2023,halfmarathon,Runner,75,25
2023,halfmarathon,Runner,76,25
2023,halfmarathon,Runner,77,25
2023,halfmarathon,Runner,78,25
2023,halfmarathon,Runner,79,25
2023,halfmarathon,Runner,80,25
2023,halfmarathon,Runner,81,25
2023,halfmarathon,Runner,82,25
2023,halfmarathon,Runner,83,25
2023,halfmarathon,Runner,84,25
2023,halfmarathon,Runner,85,25
2023,halfmarathon,Runner,86,25
2023,halfmarathon,Runner,87,25
2023,halfmarathon,Runner,88,25
2023,halfmarathon,Runner,89,25
2023,halfmarathon,Runner,90,25
2023,halfmarathon,Runner,91,25
2023,halfmarathon,Runner,92,25
2023,halfmarathon,Runner,93,25
2023,halfmarathon,Runner,94,25
2023,halfmarathon,Runner,95,25
2023,halfmarathon,Runner,96,25
2023,halfmarathon,Runner,97,25
2023,halfmarathon,Runner,98,25
2023,halfmarathon,Runner,99,25
2023,halfmarathon,Runner,100,25
2023,halfmarathon,Runner,101,25
2023,halfmarathon,Runner,102,25
2023,halfmarathon,Runner,103,25
2023,halfmarathon,Runner,104,25
2023,halfmarathon,Runner,105,25
2023,halfmarathon,Runner,106,25
2023,halfmarathon,Runner,107,25
2023,halfmarathon,Runner,108,25
2023,halfmarathon,Runner,109,25
2023,halfmarathon,Runner,110,25
2023,halfmarathon,Runner,111,25
2023,halfmarathon,Runner,112,25
2023,halfmarathon,Runner,113,25
2023,halfmarathon,Runner,114,25
2023,halfmarathon,Runner,115,25
2023,halfmarathon,Runner,116,25
2023,halfmarathon,Runner,117,25
2023,halfmarathon,Runner,118,25
2023,halfmarathon,Runner,119,25
2023,halfmarathon,Runner,120,25
2023,halfmarathon,Runner,121,25
2023,halfmarathon,Runner,122,25
2023,halfmarathon,Runner,123,25
2023,halfmarathon,Runner,124,25
2023,halfmarathon,Runner,125,25
2023,halfmarathon,Runner,126,25
2023,halfmarathon,Runner,127,25
2023,halfmarathon,Runner,128,25
2023,halfmarathon,Runner,129,25
2023,halfmarathon,Runner,130,25
2023,halfmarathon,Runner,131,25
2023,halfmarathon,Runner,132,25
2023,halfmarathon,Runner,133,25
2023,halfmarathon,Runner,134,25
2023,halfmarathon,Runner,135,25
2023,halfmarathon,Runner,136,25
2023,halfmarathon,Runner,137,25
2023,halfmarathon,Runner,138,25
2023,halfmarathon,Runner,139,25
2023,halfmarathon,Runner,140,25
2023,halfmarathon,Runner,141,25
2023,halfmarathon,Runner,142,25
2023,halfmarathon,Runner,143,25
2023,halfmarathon,Runner,144,25
2023,halfmarathon,Runner,145,25
2023,halfmarathon,Runner,146,25
2023,halfmarathon,Runner,147,25
2023,halfmarathon,Runner,148,25
2023,halfmarathon,Runner,149,25
2023,halfmarathon,Runner,150,25
2023,halfmarathon,Runner,151,25
2023,halfmarathon,Runner,152,25
2023,halfmarathon,Runner,153,25
2023,halfmarathon,Runner,154,25
2023,halfmarathon,Runner,155,25
2023,halfmarathon,Runner,156,25
2023,halfmarathon,Runner,157,25
2023,halfmarathon,Runner,158,25
2023,halfmarathon,Runner,159,25
2023,halfmarathon,Runner,160,25
2023,halfmarathon,Runner,161,25
2023,halfmarathon,Runner,162,25
2023,halfmarathon,Runner,163,25
2023,halfmarathon,Runner,164,25
2023,halfmarathon,Runner,165,25
2023,halfmarathon,Runner,166,25
2023,halfmarathon,Runner,167,25
2023,halfmarathon,Runner,168,25
2023,halfmarathon,Runner,169,25
2023,halfmarathon,Runner,170,25
2023,halfmarathon,Runner,171,25
2023,halfmarathon,Runner,172,25
2023,halfmarathon,Runner,173,25
2023,halfmarathon,Runner,174,25
2023,halfmarathon,Runner,175,25
2023,halfmarathon,Runner,176,25
2023,halfmarathon,Runner,177,25
2023,halfmarathon,Runner,178,25
2023,halfmarathon,Runner,179,25
2023,halfmarathon,Runner,180,25
2023,halfmarathon,Runner,181,25
2023,halfmarathon,Runner,182,25
2023,halfmarathon,Runner,183,25
2023,halfmarathon,Runner,184,25
2023,halfmarathon,Runner,185,25
2023,halfmarathon,Runner,186,25
2023,halfmarathon,Runner,187,25
2023,halfmarathon,Runner,188,25
2023,halfmarathon,Runner,189,25
2023,halfmarathon,Runner,190,25
2023,halfmarathon,Runner,191,25
2023,halfmarathon,Runner,192,25
2023,halfmarathon,Runner,193,25
2023,halfmarathon,Runner,194,25
2023,halfmarathon,Runner,195,25
2023,halfmarathon,Runner,196,25
2023,halfmarathon,Runner,197,25
2023,halfmarathon,Runner,198,25
2023,halfmarathon,Runner,199,25
2023,halfmarathon,Runner,200,25
2023,halfmarathon,Runner,201,25
2023,halfmarathon,Runner,202,25
2023,halfmarathon,Runner,203,25
2023,halfmarathon,Runner,204,25
2023,halfmarathon,Runner,205,25
2023,halfmarathon,Runner,206,25
2023,halfmarathon,Runner,207,25
2023,halfmarathon,Runner,208,25
2023,halfmarathon,Runner,209,25
2023,halfmarathon,Runner,210,25
2023,halfmarathon,Runner,211,25
2023,halfmarathon,Runner,212,25
2023,halfmarathon,Runner,213,25
2023,halfmarathon,Runner,214,25
2023,halfmarathon,Runner,215,25
2023,halfmarathon,Runner,216,25
2023,halfmarathon,Runner,217,25
2023,halfmarathon,Runner,218,25
2023,halfmarathon,Runner,219,25
2023,halfmarathon,Runner,220,25
2023,halfmarathon,Runner,221,25
2023,halfmarathon,Runner,222,25
2023,halfmarathon,Runner,223,25
2023,halfmarathon,Runner,224,25
2023,halfmarathon,Runner,225,25
2023,halfmarathon,Runner,226,25
2023,halfmarathon,Runner,227,25
2023,halfmarathon,Runner,228,25
2023,halfmarathon,Runner,229,25
2023,halfmarathon,Runner,230,25
2023,halfmarathon,Runner,231,25
2023,halfmarathon,Runner,232,25
2023,halfmarathon,Runner,233,25
2023,halfmarathon,Runner,234,25
2023,halfmarathon,Runner,235,25
2023,halfmarathon,Runner,236,25
2023,halfmarathon,Runner,237,25
2023,halfmarathon,Runner,238,25
2023,halfmarathon,Runner,239,25
2023,halfmarathon,Runner,240,25
2023,halfmarathon,Runner,241,25
2023,halfmarathon,Runner,242,25
2023,halfmarathon,Runner,243,25
2023,halfmarathon,Runner,244,25
2023,halfmarathon,Runner,245,25
2023,halfmarathon,Runner,246,25
2023,halfmarathon,Runner,247,25
2023,halfmarathon,Runner,248,25
2023,halfmarathon,Runner,249,25
2023,halfmarathon,Runner,250,25
2023,halfmarathon,Runner,251,25
2023,halfmarathon,Runner,252,25
2023,halfmarathon,Runner,253,25
2023,halfmarathon,Runner,254,25
2023,halfmarathon,Runner,255,25
2023,halfmarathon,Runner,256,25
2023,halfmarathon,Runner,257,25
2023,halfmarathon,Runner,258,25
2023,halfmarathon,Runner,259,25
2023,halfmarathon,Runner,260,25
2023,halfmarathon,Runner,261,25
2023,halfmarathon,Runner,262,25
2023,halfmarathon,Runner,263,25
2023,halfmarathon,Runner,264,25
2023,halfmarathon,Runner,265,25
2023,halfmarathon,Runner,266,25
2023,halfmarathon,Runner,267,25
2023,halfmarathon,Runner,268,25
2023,halfmarathon,Runner,269,25
2023,halfmarathon,Runner,270,25
2023,halfmarathon,Runner,271,25
2023,halfmarathon,Runner,272,25
2023,halfmarathon,Runner,273,25
2023,halfmarathon,Runner,274,25
2023,halfmarathon,Runner,275,25
2023,halfmarathon,Runner,276,25
2023,halfmarathon,Runner,277,25
2023,halfmarathon,Runner,278,25
2023,halfmarathon,Runner,279,25
2023,halfmarathon,Runner,280,25
2023,halfmarathon,Runner,281,25
2023,halfmarathon,Runner,282,25
2023,halfmarathon,Runner,283,25
2023,halfmarathon,Runner,284,25
2023,halfmarathon,Runner,285,25
2023,halfmarathon,Runner,286,25
2023,halfmarathon,Runner,287,25
2023,halfmarathon,Runner,288,25
2023,halfmarathon,Runner,289,25
2023,halfmarathon,Runner,290,25
2023,halfmarathon,Runner,291,25
2023,halfmarathon,Runner,292,25
2023,halfmarathon,Runner,293,25
2023,halfmarathon,Runner,294,25
2023,halfmarathon,Runner,295,25
2023,halfmarathon,Runner,296,25
2023,halfmarathon,Runner,297,25
2023,halfmarathon,Runner,298,25
2023,halfmarathon,Runner,299,25
2023,halfmarathon,Runner,300,25
2023,halfmarathon,Runner,301,25
2023,halfmarathon,Runner,302,25
2023,halfmarathon,Runner,303,25
2023,halfmarathon,Runner,304,25
2023,halfmarathon,Runner,305,25
2023,halfmarathon,Runner,306,25
2023,halfmarathon,Runner,307,25
2023,halfmarathon,Runner,308,25
2023,halfmarathon,Runner,309,25
2023,halfmarathon,Runner,310,25
2023,halfmarathon,Runner,311,25
2023,halfmarathon,Runner,312,25
2023,halfmarathon,Runner,313,25
2023,halfmarathon,Runner,314,25
2023,halfmarathon,Runner,315,25
2023,halfmarathon,Runner,316,25
2023,halfmarathon,Runner,317,25
2023,halfmarathon,Runner,318,25
2023,halfmarathon,Runner,319,25
2023,halfmarathon,Runner,320,25
2023,halfmarathon,Runner,321,25
2023,halfmarathon,Runner,322,25
2023,halfmarathon,Runner,323,25
2023,halfmarathon,Runner,324,25
2023,halfmarathon,Runner,325,25
2023,halfmarathon,Runner,326,25
2023,halfmarathon,Runner,327,25
2023,halfmarathon,Runner,328,25
2023,halfmarathon,Runner,329,25
2023,halfmarathon,Runner,330,25
2023,halfmarathon,Runner,331,25
2023,halfmarathon,Runner,332,25
2023,halfmarathon,Runner,333,25
2023,halfmarathon,Runner,334,25
2023,halfmarathon,Runner,335,25
2023,halfmarathon,Runner,336,25
2023,halfmarathon,Runner,337,25
2023,halfmarathon,Runner,338,25
2023,halfmarathon,Runner,339,25
2023,halfmarathon,Runner,340,25
2023,halfmarathon,Runner,341,25
2023,halfmarathon,Runner,342,25
2023,halfmarathon,Runner,343,25
2023,halfmarathon,Runner,344,25
2023,halfmarathon,Runner,345,25
2023,halfmarathon,Runner,346,25
2023,halfmarathon,Runner,347,25
2023,halfmarathon,Runner,348,25
2023,halfmarathon,Runner,349,25
2023,halfmarathon,Runner,350,25
2023,halfmarathon,Runner,351,25
2023,halfmarathon,Runner,352,25
2023,halfmarathon,Runner,353,25
2023,halfmarathon,Runner,354,25
2023,halfmarathon,Runner,355,25
2023,halfmarathon,Runner,356,25
2023,halfmarathon,Runner,357,25
2023,halfmarathon,Runner,358,25
2023,halfmarathon,Runner,359,25
2023,halfmarathon,Runner,360,25
2023,halfmarathon,Runner,361,25
2023,halfmarathon,Runner,362,25
2023,halfmarathon,Runner,363,25
2023,halfmarathon,Runner,364,25
2023,halfmarathon,Runner,365,25
2023,halfmarathon,Runner,366,25
2023,halfmarathon,Runner,367,25
2023,halfmarathon,Runner,368,25
2023,halfmarathon,Runner,369,25
2023,halfmarathon,Runner,370,25
2023,halfmarathon,Runner,371,25
2023,halfmarathon,Runner,372,25
2023,halfmarathon,Runner,373,25
2023,halfmarathon,Runner,374,25
2023,halfmarathon,Runner,375,25
2023,halfmarathon,Runner,376,25
2023,halfmarathon,Runner,377,25
2023,halfmarathon,Runner,378,25
2023,halfmarathon,Runner,379,25
2023,halfmarathon,Runner,380,25
2023,halfmarathon,Runner,381,25
2023,halfmarathon,Runner,382,25
2023,halfmarathon,Runner,383,25
2023,halfmarathon,Runner,384,25
2023,halfmarathon,Runner,385,25
2023,halfmarathon,Runner,386,25
2023,halfmarathon,Runner,387,25
2023,halfmarathon,Runner,388,25
2023,halfmarathon,Runner,389,25
2023,halfmarathon,Runner,390,25
2023,halfmarathon,Runner,391,25
2023,halfmarathon,Runner,392,25
2023,halfmarathon,Runner,393,25
2023,halfmarathon,Runner,394,25
2023,halfmarathon,Runner,395,25
2023,halfmarathon,Runner,396,25
2023,halfmarathon,Runner,397,25
2023,halfmarathon,Runner,398,25
2023,halfmarathon,Runner,399,25
2023,halfmarathon,Runner,400,25
2023,halfmarathon,Runner,401,25
2023,halfmarathon,Runner,402,25
2023,halfmarathon,Runner,403,25
2023,halfmarathon,Runner,404,25
2023,halfmarathon,Runner,405,25
2023,halfmarathon,Runner,406,25
2023,halfmarathon,Runner,407,25
2023,halfmarathon,Runner,408,25
2023,halfmarathon,Runner,409,25
2023,halfmarathon,Runner,410,25
2023,halfmarathon,Runner,411,25
2023,halfmarathon,Runner,412,25
2023,halfmarathon,Runner,413,25
2023,halfmarathon,Runner,414,25
2023,halfmarathon,Runner,415,25
2023,halfmarathon,Runner,416,25
2023,halfmarathon,Runner,417,25
2023,halfmarathon,Runner,418,25
2023,halfmarathon,Runner,419,25
2023,halfmarathon,Runner,420,25
2023,halfmarathon,Runner,421,25
2023,halfmarathon,Runner,422,25
2023,halfmarathon,Runner,423,25
2023,halfmarathon,Runner,424,25
2023,halfmarathon,Runner,425,25
2023,halfmarathon,Runner,426,25
2023,halfmarathon,Runner,427,25
2023,halfmarathon,Runner,428,25
2023,halfmarathon,Runner,429,25
2023,halfmarathon,Runner,430,25
2023,halfmarathon,Runner,431,25
2023,halfmarathon,Runner,432,25
2023,halfmarathon,Runner,433,25
2023,halfmarathon,Runner,434,25
2023,halfmarathon,Runner,435,25
2023,halfmarathon,Runner,436,25
2023,halfmarathon,Runner,437,25
2023,halfmarathon,Runner,438,25
2023,halfmarathon,Runner,439,25
2023,halfmarathon,Runner,440,25
2023,halfmarathon,Runner,441,25
2023,halfmarathon,Runner,442,25
2023,halfmarathon,Runner,443,25
2023,halfmarathon,Runner,444,25
2023,halfmarathon,Runner,445,25
2023,halfmarathon,Runner,446,25
2023,halfmarathon,Runner,447,25
2023,halfmarathon,Runner,448,25
2023,halfmarathon,Runner,449,25
2023,halfmarathon,Runner,450,25
2023,halfmarathon,Runner,451,25
2023,halfmarathon,Runner,452,25
2023,halfmarathon,Runner,453,25
2023,halfmarathon,Runner,454,25
2023,halfmarathon,Runner,455,25
2023,halfmarathon,Runner,456,25
2023,halfmarathon,Runner,457,25
2023,halfmarathon,Runner,458,25
2023,halfmarathon,Runner,459,25
2023,halfmarathon,Runner,460,25
2023,halfmarathon,Runner,461,25
2023,halfmarathon,Runner,462,25
2023,halfmarathon,Runner,463,25
2023,halfmarathon,Runner,464,25
2023,halfmarathon,Runner,465,25
2023,halfmarathon,Runner,466,25
2023,halfmarathon,Runner,467,25
2023,halfmarathon,Runner,468,25
2023,halfmarathon,Runner,469,25
2023,halfmarathon,Runner,470,25
2023,halfmarathon,Runner,471,25
2023,halfmarathon,Runner,472,25
2023,halfmarathon,Runner,473,25
2023,halfmarathon,Runner,474,25
2023,halfmarathon,Runner,475,25
2023,halfmarathon,Runner,476,25
2023,halfmarathon,Runner,477,25
2023,halfmarathon,Runner,478,25
2023,halfmarathon,Runner,479,25
2023,halfmarathon,Runner,480,25
2023,halfmarathon,Runner,481,25
2023,halfmarathon,Runner,482,25
2023,halfmarathon,Runner,483,25
2023,halfmarathon,Runner,484,25
2023,halfmarathon,Runner,485,25
2023,halfmarathon,Runner,486,25
2023,halfmarathon,Runner,487,25
2023,halfmarathon,Runner,488,25
2023,halfmarathon,Runner,489,25
2023,halfmarathon,Runner,490,25
2023,halfmarathon,Runner,491,25
2023,halfmarathon,Runner,492,25
2023,halfmarathon,Runner,493,25
2023,halfmarathon,Runner,494,25
2023,halfmarathon,Runner,495,25
2023,halfmarathon,Runner,496,25
2023,halfmarathon,Runner,497,25
2023,halfmarathon,Runner,498,25
2023,halfmarathon,Runner,499,25
2023,halfmarathon,Runner,500,25
2023,halfmarathon,Runner,501,25
2023,halfmarathon,Runner,502,25
2023,halfmarathon,Runner,503,25
2023,halfmarathon,Runner,504,25
2023,halfmarathon,Runner,505,25
2023,halfmarathon,Runner,506,25
2023,halfmarathon,Runner,507,25
2023,halfmarathon,Runner,508,25
2023,halfmarathon,Runner,509,25
2023,halfmarathon,Runner,510,25
2023,halfmarathon,Runner,511,25
2023,halfmarathon,Runner,512,25
2023,halfmarathon,Runner,513,25
2023,halfmarathon,Runner,514,25
2023,halfmarathon,Runner,515,25
2023,halfmarathon,Runner,516,25
2023,halfmarathon,Runner,517,25
2023,halfmarathon,Runner,518,25
2023,halfmarathon,Runner,519,25
2023,halfmarathon,Runner,520,25
2023,halfmarathon,Runner,521,25
2023,halfmarathon,Runner,522,25
2023,halfmarathon,Runner,523,25
2023,halfmarathon,Runner,524,25
2023,halfmarathon,Runner,525,25
2023,halfmarathon,Runner,526,25
2023,halfmarathon,Runner,527,25
2023,halfmarathon,Runner,528,25
2023,halfmarathon,Runner,529,25
2023,halfmarathon,Runner,530,25
2023,halfmarathon,Runner,531,25
2023,halfmarathon,Runner,532,25
2023,halfmarathon,Runner,533,25
2023,halfmarathon,Runner,534,25
2023,halfmarathon,Runner,535,25
2023,halfmarathon,Runner,536,14
2023,halfmarathon,Wheelchair,1,8
2023,halfmarathon,Handcycle,1,3
2023,halfmarathon,Duo,1,18
2023,5k,Runner,1,25
2023,5k,Runner,2,25
2023,5k,Runner,3,25
2023,5k,Runner,4,25
2023,5k,Runner,5,25
2023,5k,Runner,6,25
2023,5k,Runner,7,25
2023,5k,Runner,8,25
2023,5k,Runner,9,25
2023,5k,Runner,10,25
2023,5k,Runner,11,25
2023,5k,Runner,12,25
2023,5k,Runner,13,25
2023,5k,Runner,14,25
2023,5k,Runner,15,25
2023,5k,Runner,16,25
2023,5k,Runner,17,25
2023,5k,Runner,18,25
2023,5k,Runner,19,25
2023,5k,Runner,20,25
2023,5k,Runner,21,25
2023,5k,Runner,22,25
2023,5k,Runner,23,25
2023,5k,Runner,24,25
2023,5k,Runner,25,25
2023,5k,Runner,26,25
2023,5k,Runner,27,25
2023,5k,Runner,28,25
2023,5k,Runner,29,25
2023,5k,Runner,30,25
2023,5k,Runner,31,25
2023,5k,Runner,32,25
2023,5k,Runner,33,25
2023,5k,Runner,34,25
2023,5k,Runner,35,25
2023,5k,Runner,36,25
2023,5k,Runner,37,25
2023,5k,Runner,38,25
2023,5k,Runner,39,25
2023,5k,Runner,40,25
2023,5k,Runner,41,25
2023,5k,Runner,42,25
2023,5k,Runner,43,25
2023,5k,Runner,44,25
2023,5k,Runner,45,25
2023,5k,Runner,46,25
2023,5k,Runner,47,25
2023,5k,Runner,48,25
2023,5k,Runner,49,25
2023,5k,Runner,50,25
2023,5k,Runner,51,25
2023,5k,Runner,52,25
2023,5k,Runner,53,25
2023,5k,Runner,54,25
2023,5k,Runner,55,25
2023,5k,Runner,56,25
2023,5k,Runner,57,25
2023,5k,Runner,58,25
2023,5k,Runner,59,25
2023,5k,Runner,60,25
2023,5k,Runner,61,25
2023,5k,Runner,62,25
2023,5k,Runner,63,25
2023,5k,Runner,64,25
2023,5k,Runner,65,25
2023,5k,Runner,66,25
2023,5k,Runner,67,25
2023,5k,Runner,68,25
2023,5k,Runner,69,25
2023,5k,Runner,70,25
2023,5k,Runner,71,25
2023,5k,Runner,72,25
2023,5k,Runner,73,25
2023,5k,Runner,74,25
2023,5k,Runner,75,25
2023,5k,Runner,76,25
2023,5k,Runner,77,25
2023,5k,Runner,78,25
2023,5k,Runner,79,25
2023,5k,Runner,80,25
2023,5k,Runner,81,25
2023,5k,Runner,82,25
2023,5k,Runner,83,25
2023,5k,Runner,84,25
2023,5k,Runner,85,25
2023,5k,Runner,86,25
2023,5k,Runner,87,25
2023,5k,Runner,88,25
2023,5k,Runner,89,25
2023,5k,Runner,90,25
2023,5k,Runner,91,25
2023,5k,Runner,92,25
2023,5k,Runner,93,25
2023,5k,Runner,94,25
2023,5k,Runner,95,25
2023,5k,Runner,96,25
2023,5k,Runner,97,25
2023,5k,Runner,98,25
2023,5k,Runner,99,25
2023,5k,Runner,100,25
2023,5k,Runner,101,25
2023,5k,Runner,102,25
2023,5k,Runner,103,25
2023,5k,Runner,104,25
2023,5k,Runner,105,25
2023,5k,Runner,106,25
2023,5k,Runner,107,25
2023,5k,Runner,108,25
2023,5k,Runner,109,25
2023,5k,Runner,110,25
2023,5k,Runner,111,25
2023,5k,Runner,112,25
2023,5k,Runner,113,25
2023,5k,Runner,114,25
2023,5k,Runner,115,25
2023,5k,Runner,116,25
2023,5k,Runner,117,25
2023,5k,Runner,118,25
2023,5k,Runner,119,25
2023,5k,Runner,120,25
2023,5k,Runner,121,25
2023,5k,Runner,122,25
2023,5k,Runner,123,25
2023,5k,Runner,124,25
2023,5k,Runner,125,25
2023,5k,Runner,126,25
2023,5k,Runner,127,25
2023,5k,Runner,128,25
2023,5k,Runner,129,25
2023,5k,Runner,130,25
2023,5k,Runner,131,25
2023,5k,Runner,132,25
2023,5k,Runner,133,25
2023,5k,Runner,134,25
2023,5k,Runner,135,25
2023,5k,Runner,136,25
2023,5k,Runner,137,25
2023,5k,Runner,138,25
2023,5k,Runner,139,25
2023,5k,Runner,140,25
2023,5k,Runner,141,25
2023,5k,Runner,142,25
2023,5k,Runner,143,25
2023,5k,Runner,144,25
2023,5k,Runner,145,25
2023,5k,Runner,146,25
2023,5k,Runner,147,25
2023,5k,Runner,148,25
2023,5k,Runner,149,25
2023,5k,Runner,150,25
2023,5k,Runner,151,25
2023,5k,Runner,152,25
2023,5k,Runner,153,25
2023,5k,Runner,154,25
2023,5k,Runner,155,25
2023,5k,Runner,156,25
2023,5k,Runner,157,25
2023,5k,Runner,158,25
2023,5k,Runner,159,25
2023,5k,Runner,160,25
2023,5k,Runner,161,25
2023,5k,Runner,162,25
2023,5k,Runner,163,25
2023,5k,Runner,164,25
2023,5k,Runner,165,25
2023,5k,Runner,166,25
2023,5k,Runner,167,25
2023,5k,Runner,168,25
2023,5k,Runner,169,25
2023,5k,Runner,170,25
2023,5k,Runner,171,25
2023,5k,Runner,172,25
2023,5k,Runner,173,25
2023,5k,Runner,174,25
2023,5k,Runner,175,25
2023,5k,Runner,176,25
2023,5k,Runner,177,25
2023,5k,Runner,178,25
2023,5k,Runner,179,25
2023,5k,Runner,180,25
2023,5k,Runner,181,25
2023,5k,Runner,182,25
2023,5k,Runner,183,25
2023,5k,Runner,184,25
2023,5k,Runner,185,25
2023,5k,Runner,186,25
2023,5k,Runner,187,13
2023,5k,Wheelchair,1,16
2023,5k,Handcycle,1,6
2023,5k,Duo,1,1
2022,marathon,Runner,1,25
2022,marathon,Runner,2,25
2022,marathon,Runner,3,25
2022,marathon,Runner,4,25
2022,marathon,Runner,5,25
2022,marathon,Runner,6,25
2022,marathon,Runner,7,25
2022,marathon,Runner,8,25
2022,marathon,Runner,9,25
2022,marathon,Runner,10,25
2022,marathon,Runner,11,25
2022,marathon,Runner,12,25
2022,marathon,Runner,13,25
2022,marathon,Runner,14,25
2022,marathon,Runner,15,25
2022,marathon,Runner,16,25
2022,marathon,Runner,17,25
2022,marathon,Runner,18,25
2022,marathon,Runner,19,25
2022,marathon,Runner,20,25
2022,marathon,Runner,21,25
2022,marathon,Runner,22,25
2022,marathon,Runner,23,25
2022,marathon,Runner,24,25
2022,marathon,Runner,25,25
2022,marathon,Runner,26,25
2022,marathon,Runner,27,25
2022,marathon,Runner,28,25
2022,marathon,Runner,29,25
2022,marathon,Runner,30,25
2022,marathon,Runner,31,25
2022,marathon,Runner,32,25
2022,marathon,Runner,33,25
2022,marathon,Runner,34,25
2022,marathon,Runner,35,25
2022,marathon,Runner,36,25
2022,marathon,Runner,37,25
2022,marathon,Runner,38,25
2022,marathon,Runner,39,25
2022,marathon,Runner,40,25
2022,marathon,Runner,41,25
2022,marathon,Runner,42,25
2022,marathon,Runner,43,25
2022,marathon,Runner,44,25
2022,marathon,Runner,45,25
2022,marathon,Runner,46,25
2022,marathon,Runner,47,25
2022,marathon,Runner,48,25
2022,marathon,Runner,49,25
2022,marathon,Runner,50,25
2022,marathon,Runner,51,25
2022,marathon,Runner,52,25
2022,marathon,Runner,53,25
2022,marathon,Runner,54,25
2022,marathon,Runner,55,25
2022,marathon,Runner,56,25
2022,marathon,Runner,57,25
2022,marathon,Runner,58,25
2022,marathon,Runner,59,25
2022,marathon,Runner,60,25
2022,marathon,Runner,61,25
2022,marathon,Runner,62,25
2022,marathon,Runner,63,25
2022,marathon,Runner,64,25
2022,marathon,Runner,65,25
2022,marathon,Runner,66,25
2022,marathon,Runner,67,25
2022,marathon,Runner,68,25
2022,marathon,Runner,69,25
2022,marathon,Runner,70,25
2022,marathon,Runner,71,25
2022,marathon,Runner,72,25
2022,marathon,Runner,73,25
2022,marathon,Runner,74,25
2022,marathon,Runner,75,25
2022,marathon,Runner,76,25
2022,marathon,Runner,77,25
2022,marathon,Runner,78,25
2022,marathon,Runner,79,25
2022,marathon,Runner,80,25
2022,marathon,Runner,81,25
2022,marathon,Runner,82,25
2022,marathon,Runner,83,25
2022,marathon,Runner,84,25
2022,marathon,Runner,85,25
2022,marathon,Runner,86,25
2022,marathon,Runner,87,25
2022,marathon,Runner,88,25
2022,marathon,Runner,89,25
2022,marathon,Runner,90,25
2022,marathon,Runner,91,25
2022,marathon,Runner,92,25
2022,marathon,Runner,93,25
2022,marathon,Runner,94,25
2022,marathon,Runner,95,25
2022,marathon,Runner,96,25
2022,marathon,Runner,97,25
2022,marathon,Runner,98,25
2022,marathon,Runner,99,25
2022,marathon,Runner,100,25
2022,marathon,Runner,101,25
2022,marathon,Runner,102,25
2022,marathon,Runner,103,25
2022,marathon,Runner,104,25
2022,marathon,Runner,105,25
2022,marathon,Runner,106,25
2022,marathon,Runner,107,25
2022,marathon,Runner,108,25
2022,marathon,Runner,109,25
2022,marathon,Runner,110,25
2022,marathon,Runner,111,25
2022,marathon,Runner,112,25
2022,marathon,Runner,113,25
2022,marathon,Runner,114,25
2022,marathon,Runner,115,25
2022,marathon,Runner,116,25
2022,marathon,Runner,117,25
2022,marathon,Runner,118,25
2022,marathon,Runner,119,25
2022,marathon,Runner,120,25
2022,marathon,Runner,121,25
2022,marathon,Runner,122,25
2022,marathon,Runner,123,25
2022,marathon,Runner,124,25
2022,marathon,Runner,125,25
2022,marathon,Runner,126,25
2022,marathon,Runner,127,25
2022,marathon,Runner,128,25
2022,marathon,Runner,129,25
2022,marathon,Runner,130,25
2022,marathon,Runner,131,25
2022,marathon,Runner,132,25
2022,marathon,Runner,133,25
2022,marathon,Runner,134,25
2022,marathon,Runner,135,25
2022,marathon,Runner,136,25
2022,marathon,Runner,137,25
2022,marathon,Runner,138,25
2022,marathon,Runner,139,25
2022,marathon,Runner,140,25
2022,marathon,Runner,141,25
2022,marathon,Runner,142,25
2022,marathon,Runner,143,25
2022,marathon,Runner,144,25
2022,marathon,Runner,145,25
2022,marathon,Runner,146,25
2022,marathon,Runner,147,25
2022,marathon,Runner,148,25
2022,marathon,Runner,149,25
2022,marathon,Runner,150,25
2022,marathon,Runner,151,25
2022,marathon,Runner,152,25
2022,marathon,Runner,153,25
2022,marathon,Runner,154,25
2022,marathon,Runner,155,25
2022,marathon,Runner,156,25
2022,marathon,Runner,157,25
2022,marathon,Runner,158,25
2022,marathon,Runner,159,25
2022,marathon,Runner,160,25
2022,marathon,Runner,161,25
2022,marathon,Runner,162,25
2022,marathon,Runner,163,25
2022,marathon,Runner,164,25
2022,marathon,Runner,165,25
2022,marathon,Runner,166,25
2022,marathon,Runner,167,25
2022,marathon,Runner,168,25
2022,marathon,Runner,169,25
2022,marathon,Runner,170,25
2022,marathon,Runner,171,25
2022,marathon,Runner,172,25
2022,marathon,Runner,173,25
2022,marathon,Runner,174,25
2022,marathon,Runner,175,25
2022,marathon,Runner,176,25
2022,marathon,Runner,177,25
2022,marathon,Runner,178,25
2022,marathon,Runner,179,25
2022,marathon,Runner,180,25
2022,marathon,Runner,181,25
2022,marathon,Runner,182,25
2022,marathon,Runner,183,25
2022,marathon,Runner,184,25
2022,marathon,Runner,185,25
2022,marathon,Runner,186,25
2022,marathon,Runner,187,25
2022,marathon,Runner,188,25
2022,marathon,Runner,189,25
2022,marathon,Runner,190,25
2022,marathon,Runner,191,25
2022,marathon,Runner,192,25
2022,marathon,Runner,193,25
2022,marathon,Runner,194,25
2022,marathon,Runner,195,25
2022,marathon,Runner,196,25
2022,marathon,Runner,197,25
2022,marathon,Runner,198,25
2022,marathon,Runner,199,25
2022,marathon,Runner,200,25
2022,marathon,Runner,201,25
2022,marathon,Runner,202,25
2022,marathon,Runner,203,25
2022,marathon,Runner,204,25
2022,marathon,Runner,205,25
2022,marathon,Runner,206,25
2022,marathon,Runner,207,25
2022,marathon,Runner,208,25
2022,marathon,Runner,209,25
2022,marathon,Runner,210,25
2022,marathon,Runner,211,25
2022,marathon,Runner,212,25
2022,marathon,Runner,213,25
2022,marathon,Runner,214,25
2022,marathon,Runner,215,25
2022,marathon,Runner,216,25
2022,marathon,Runner,217,25
2022,marathon,Runner,218,25
2022,marathon,Runner,219,25
2022,marathon,Runner,220,25
2022,marathon,Runner,221,25
2022,marathon,Runner,222,25
2022,marathon,Runner,223,25
2022,marathon,Runner,224,25
2022,marathon,Runner,225,25
2022,marathon,Runner,226,25
2022,marathon,Runner,227,25
2022,marathon,Runner,228,25
2022,marathon,Runner,229,25
2022,marathon,Runner,230,25
2022,marathon,Runner,231,25
2022,marathon,Runner,232,25
2022,marathon,Runner,233,25
2022,marathon,Runner,234,25
2022,marathon,Runner,235,25
2022,marathon,Runner,236,25
2022,marathon,Runner,237,25
2022,marathon,Runner,238,25
2022,marathon,Runner,239,25
2022,marathon,Runner,240,25
2022,marathon,Runner,241,25
2022,marathon,Runner,242,25
2022,marathon,Runner,243,25
2022,marathon,Runner,244,25
2022,marathon,Runner,245,25
2022,marathon,Runner,246,25
2022,marathon,Runner,247,25
2022,marathon,Runner,248,25
2022,marathon,Runner,249,25
2022,marathon,Runner,250,25
2022,marathon,Runner,251,25
2022,marathon,Runner,252,20
2022,marathon,Wheelchair,1,5
2022,marathon,Handcycle,1,11
2022,marathon,Duo,1,1
2022,halfmarathon,Runner,1,25
2022,halfmarathon,Runner,2,25
2022,halfmarathon,Runner,3,25
2022,halfmarathon,Runner,4,25
2022,halfmarathon,Runner,5,25
2022,halfmarathon,Runner,6,25
2022,halfmarathon,Runner,7,25
2022,halfmarathon,Runner,8,25
2022,halfmarathon,Runner,9,25
2022,halfmarathon,Runner,10,25
2022,halfmarathon,Runner,11,25
2022,halfmarathon,Runner,12,25
2022,halfmarathon,Runner,13,25
2022,halfmarathon,Runner,14,25
2022,halfmarathon,Runner,15,25
2022,halfmarathon,Runner,16,25
2022,halfmarathon,Runner,17,25
2022,halfmarathon,Runner,18,25
2022,halfmarathon,Runner,19,25
2022,halfmarathon,Runner,20,25
2022,halfmarathon,Runner,21,25
2022,halfmarathon,Runner,22,25
2022,halfmarathon,Runner,23,25
2022,halfmarathon,Runner,24,25
2022,halfmarathon,Runner,25,25
2022,halfmarathon,Runner,26,25
2022,halfmarathon,Runner,27,25
2022,halfmarathon,Runner,28,25
2022,halfmarathon,Runner,29,25
2022,halfmarathon,Runner,30,25
2022,halfmarathon,Runner,31,25
2022,halfmarathon,Runner,32,25
2022,halfmarathon,Runner,33,25
2022,halfmarathon,Runner,34,25
2022,halfmarathon,Runner,35,25
2022,halfmarathon,Runner,36,25
2022,halfmarathon,Runner,37,25
2022,halfmarathon,Runner,38,25
2022,halfmarathon,Runner,39,25
2022,halfmarathon,Runner,40,25
2022,halfmarathon,Runner,41,25
2022,halfmarathon,Runner,42,25
2022,halfmarathon,Runner,43,25
2022,halfmarathon,Runner,44,25
2022,halfmarathon,Runner,45,25
2022,halfmarathon,Runner,46,25
2022,halfmarathon,Runner,47,25
2022,halfmarathon,Runner,48,25
2022,halfmarathon,Runner,49,25
2022,halfmarathon,Runner,50,25
2022,halfmarathon,Runner,51,25
2022,halfmarathon,Runner,52,25
2022,halfmarathon,Runner,53,25
2022,halfmarathon,Runner,54,25
2022,halfmarathon,Runner,55,25
2022,halfmarathon,Runner,56,25
2022,halfmarathon,Runner,57,25
2022,halfmarathon,Runner,58,25
2022,halfmarathon,Runner,59,25
2022,halfmarathon,Runner,60,25
2022,halfmarathon,Runner,61,25
2022,halfmarathon,Runner,62,25
2022,halfmarathon,Runner,63,25
2022,halfmarathon,Runner,64,25
2022,halfmarathon,Runner,65,25
2022,halfmarathon,Runner,66,25
2022,halfmarathon,Runner,67,25
2022,halfmarathon,Runner,68,25
2022,halfmarathon,Runner,69,25
2022,halfmarathon,Runner,70,25
2022,halfmarathon,Runner,71,25
2022,halfmarathon,Runner,72,25
2022,halfmarathon,Runner,73,25
2022,halfmarathon,Runner,74,25
2022,halfmarathon,Runner,75,25
2022,halfmarathon,Runner,76,25
2022,halfmarathon,Runner,77,25
2022,halfmarathon,Runner,78,25
2022,halfmarathon,Runner,79,25
2022,halfmarathon,Runner,80,25
2022,halfmarathon,Runner,81,25
2022,halfmarathon,Runner,82,25
2022,halfmarathon,Runner,83,25
2022,halfmarathon,Runner,84,25
2022,halfmarathon,Runner,85,25
2022,halfmarathon,Runner,86,25
2022,halfmarathon,Runner,87,25
2022,halfmarathon,Runner,88,25
2022,halfmarathon,Runner,89,25
2022,halfmarathon,Runner,90,25
2022,halfmarathon,Runner,91,25
2022,halfmarathon,Runner,92,25
2022,halfmarathon,Runner,93,25
2022,halfmarathon,Runner,94,25
2022,halfmarathon,Runner,95,25
2022,halfmarathon,Runner,96,25
2022,halfmarathon,Runner,97,25
2022,halfmarathon,Runner,98,25
2022,halfmarathon,Runner,99,25
2022,halfmarathon,Runner,100,25
2022,halfmarathon,Runner,101,25
2022,halfmarathon,Runner,102,25
2022,halfmarathon,Runner,103,25
2022,halfmarathon,Runner,104,25
2022,halfmarathon,Runner,105,25
2022,halfmarathon,Runner,106,25
2022,halfmarathon,Runner,107,25
2022,halfmarathon,Runner,108,25
2022,halfmarathon,Runner,109,25
2022,halfmarathon,Runner,110,25
2022,halfmarathon,Runner,111,25
2022,halfmarathon,Runner,112,25
2022,halfmarathon,Runner,113,25
2022,halfmarathon,Runner,114,25
2022,halfmarathon,Runner,115,25
2022,halfmarathon,Runner,116,25
2022,halfmarathon,Runner,117,25
2022,halfmarathon,Runner,118,25
2022,halfmarathon,Runner,119,25
2022,halfmarathon,Runner,120,25
2022,halfmarathon,Runner,121,25
2022,halfmarathon,Runner,122,25
2022,halfmarathon,Runner,123,25
2022,halfmarathon,Runner,124,25
2022,halfmarathon,Runner,125,25
2022,halfmarathon,Runner,126,25
2022,halfmarathon,Runner,127,25
2022,halfmarathon,Runner,128,25
2022,halfmarathon,Runner,129,25
2022,halfmarathon,Runner,130,25
2022,halfmarathon,Runner,131,25
2022,halfmarathon,Runner,132,25
2022,halfmarathon,Runner,133,25
2022,halfmarathon,Runner,134,25
2022,halfmarathon,Runner,135,25
2022,halfmarathon,Runner,136,25
2022,halfmarathon,Runner,137,25
2022,halfmarathon,Runner,138,25
2022,halfmarathon,Runner,139,25
2022,halfmarathon,Runner,140,25
2022,halfmarathon,Runner,141,25
2022,halfmarathon,Runner,142,25
2022,halfmarathon,Runner,143,25
2022,halfmarathon,Runner,144,25
2022,halfmarathon,Runner,145,25
2022,halfmarathon,Runner,146,25
2022,halfmarathon,Runner,147,25
2022,halfmarathon,Runner,148,25
2022,halfmarathon,Runner,149,25
2022,halfmarathon,Runner,150,25
2022,halfmarathon,Runner,151,25
2022,halfmarathon,Runner,152,25
2022,halfmarathon,Runner,153,25
2022,halfmarathon,Runner,154,25
2022,halfmarathon,Runner,155,25
2022,halfmarathon,Runner,156,25
2022,halfmarathon,Runner,157,25
2022,halfmarathon,Runner,158,25
2022,halfmarathon,Runner,159,25
2022,halfmarathon,Runner,160,25
2022,halfmarathon,Runner,161,25
2022,halfmarathon,Runner,162,25
2022,halfmarathon,Runner,163,25
2022,halfmarathon,Runner,164,25
2022,halfmarathon,Runner,165,25
2022,halfmarathon,Runner,166,25
2022,halfmarathon,Runner,167,25
2022,halfmarathon,Runner,168,25
2022,halfmarathon,Runner,169,25
2022,halfmarathon,Runner,170,25
2022,halfmarathon,Runner,171,25
2022,halfmarathon,Runner,172,25
2022,halfmarathon,Runner,173,25
2022,halfmarathon,Runner,174,25
2022,halfmarathon,Runner,175,25
2022,halfmarathon,Runner,176,25
2022,halfmarathon,Runner,177,25
2022,halfmarathon,Runner,178,25
2022,halfmarathon,Runner,179,25
2022,halfmarathon,Runner,180,25
2022,halfmarathon,Runner,181,25
2022,halfmarathon,Runner,182,25
2022,halfmarathon,Runner,183,25
2022,halfmarathon,Runner,184,25
2022,halfmarathon,Runner,185,25
2022,halfmarathon,Runner,186,25
2022,halfmarathon,Runner,187,25
2022,halfmarathon,Runner,188,25
2022,halfmarathon,Runner,189,25
2022,halfmarathon,Runner,190,25
2022,halfmarathon,Runner,191,25
2022,halfmarathon,Runner,192,25
2022,halfmarathon,Runner,193,25
2022,halfmarathon,Runner,194,25
2022,halfmarathon,Runner,195,25
2022,halfmarathon,Runner,196,25
2022,halfmarathon,Runner,197,25
2022,halfmarathon,Runner,198,25
2022,halfmarathon,Runner,199,25
2022,halfmarathon,Runner,200,25
2022,halfmarathon,Runner,201,25
2022,halfmarathon,Runner,202,25
2022,halfmarathon,Runner,203,25
2022,halfmarathon,Runner,204,25
2022,halfmarathon,Runner,205,25
2022,halfmarathon,Runner,206,25
2022,halfmarathon,Runner,207,25
2022,halfmarathon,Runner,208,25
2022,halfmarathon,Runner,209,25
2022,halfmarathon,Runner,210,25
2022,halfmarathon,Runner,211,25
2022,halfmarathon,Runner,212,25
2022,halfmarathon,Runner,213,25
2022,halfmarathon,Runner,214,25
2022,halfmarathon,Runner,215,25
2022,halfmarathon,Runner,216,25
2022,halfmarathon,Runner,217,25
2022,halfmarathon,Runner,218,25
2022,halfmarathon,Runner,219,25
2022,halfmarathon,Runner,220,25
2022,halfmarathon,Runner,221,25
2022,halfmarathon,Runner,222,25
2022,halfmarathon,Runner,223,25
2022,halfmarathon,Runner,224,25
2022,halfmarathon,Runner,225,25
2022,halfmarathon,Runner,226,25
2022,halfmarathon,Runner,227,25
2022,halfmarathon,Runner,228,25
2022,halfmarathon,Runner,229,25
2022,halfmarathon,Runner,230,25
2022,halfmarathon,Runner,231,25
2022,halfmarathon,Runner,232,25
2022,halfmarathon,Runner,233,25
2022,halfmarathon,Runner,234,25
2022,halfmarathon,Runner,235,25
2022,halfmarathon,Runner,236,25
2022,halfmarathon,Runner,237,25
2022,halfmarathon,Runner,238,25
2022,halfmarathon,Runner,239,25
2022,halfmarathon,Runner,240,25
2022,halfmarathon,Runner,241,25
2022,halfmarathon,Runner,242,25
2022,halfmarathon,Runner,243,25
2022,halfmarathon,Runner,244,25
2022,halfmarathon,Runner,245,25
2022,halfmarathon,Runner,246,25
2022,halfmarathon,Runner,247,25
2022,halfmarathon,Runner,248,25
2022,halfmarathon,Runner,249,25
2022,halfmarathon,Runner,250,25
2022,halfmarathon,Runner,251,25
2022,halfmarathon,Runner,252,25
2022,halfmarathon,Runner,253,25
2022,halfmarathon,Runner,254,25
2022,halfmarathon,Runner,255,25
2022,halfmarathon,Runner,256,25
2022,halfmarathon,Runner,257,25
2022,halfmarathon,Runner,258,25
2022,halfmarathon,Runner,259,25
2022,halfmarathon,Runner,260,25
2022,halfmarathon,Runner,261,25
2022,halfmarathon,Runner,262,25
2022,halfmarathon,Runner,263,25
2022,halfmarathon,Runner,264,25
2022,halfmarathon,Runner,265,25
2022,halfmarathon,Runner,266,25
2022,halfmarathon,Runner,267,25
2022,halfmarathon,Runner,268,25
2022,halfmarathon,Runner,269,25
2022,halfmarathon,Runner,270,25
2022,halfmarathon,Runner,271,25
2022,halfmarathon,Runner,272,25
2022,halfmarathon,Runner,273,25
2022,halfmarathon,Runner,274,25
2022,halfmarathon,Runner,275,25
2022,halfmarathon,Runner,276,25
2022,halfmarathon,Runner,277,25
2022,halfmarathon,Runner,278,25
2022,halfmarathon,Runner,279,25
2022,halfmarathon,Runner,280,25
2022,halfmarathon,Runner,281,25
2022,halfmarathon,Runner,282,25
2022,halfmarathon,Runner,283,25
2022,halfmarathon,Runner,284,25
2022,halfmarathon,Runner,285,25
2022,halfmarathon,Runner,286,25
2022,halfmarathon,Runner,287,25
2022,halfmarathon,Runner,288,25
2022,halfmarathon,Runner,289,25
2022,halfmarathon,Runner,290,25
2022,halfmarathon,Runner,291,25
2022,halfmarathon,Runner,292,25
2022,halfmarathon,Runner,293,25
2022,halfmarathon,Runner,294,25
2022,halfmarathon,Runner,295,25
2022,halfmarathon,Runner,296,25
2022,halfmarathon,Runner,297,25
2022,halfmarathon,Runner,298,25
2022,halfmarathon,Runner,299,25
2022,halfmarathon,Runner,300,25
2022,halfmarathon,Runner,301,25
2022,halfmarathon,Runner,302,25
2022,halfmarathon,Runner,303,25
2022,halfmarathon,Runner,304,25
2022,halfmarathon,Runner,305,25
2022,halfmarathon,Runner,306,25
2022,halfmarathon,Runner,307,25
2022,halfmarathon,Runner,308,25
2022,halfmarathon,Runner,309,25
2022,halfmarathon,Runner,310,25
2022,halfmarathon,Runner,311,25
2022,halfmarathon,Runner,312,25
2022,halfmarathon,Runner,313,25
2022,halfmarathon,Runner,314,25
2022,halfmarathon,Runner,315,25
2022,halfmarathon,Runner,316,25
2022,halfmarathon,Runner,317,25
2022,halfmarathon,Runner,318,25
2022,halfmarathon,Runner,319,25
2022,halfmarathon,Runner,320,25
2022,halfmarathon,Runner,321,25
2022,halfmarathon,Runner,322,25
2022,halfmarathon,Runner,323,25
2022,halfmarathon,Runner,324,25
2022,halfmarathon,Runner,325,25
2022,halfmarathon,Runner,326,25
2022,halfmarathon,Runner,327,25
2022,halfmarathon,Runner,328,25
2022,halfmarathon,Runner,329,25
2022,halfmarathon,Runner,330,25
2022,halfmarathon,Runner,331,25
2022,halfmarathon,Runner,332,25
2022,halfmarathon,Runner,333,25
2022,halfmarathon,Runner,334,25
2022,halfmarathon,Runner,335,25
2022,halfmarathon,Runner,336,25
2022,halfmarathon,Runner,337,25
2022,halfmarathon,Runner,338,25
2022,halfmarathon,Runner,339,25
2022,halfmarathon,Runner,340,25
2022,halfmarathon,Runner,341,25
2022,halfmarathon,Runner,342,25
2022,halfmarathon,Runner,343,25
2022,halfmarathon,Runner,344,25
2022,halfmarathon,Runner,345,25
2022,halfmarathon,Runner,346,25
2022,halfmarathon,Runner,347,25
2022,halfmarathon,Runner,348,25
2022,halfmarathon,Runner,349,25
2022,halfmarathon,Runner,350,25
2022,halfmarathon,Runner,351,25
2022,halfmarathon,Runner,352,25
2022,halfmarathon,Runner,353,25
2022,halfmarathon,Runner,354,25
2022,halfmarathon,Runner,355,25
2022,halfmarathon,Runner,356,25
2022,halfmarathon,Runner,357,25
2022,halfmarathon,Runner,358,25
2022,halfmarathon,Runner,359,25
2022,halfmarathon,Runner,360,25
2022,halfmarathon,Runner,361,25
2022,halfmarathon,Runner,362,25
2022,halfmarathon,Runner,363,25
2022,halfmarathon,Runner,364,25
2022,halfmarathon,Runner,365,25
2022,halfmarathon,Runner,366,25
2022,halfmarathon,Runner,367,25
2022,halfmarathon,Runner,368,25
2022,halfmarathon,Runner,369,25
2022,halfmarathon,Runner,370,25
2022,halfmarathon,Runner,371,25
2022,halfmarathon,Runner,372,25
2022,halfmarathon,Runner,373,25
2022,halfmarathon,Runner,374,25
2022,halfmarathon,Runner,375,25
2022,halfmarathon,Runner,376,25
2022,halfmarathon,Runner,377,25
2022,halfmarathon,Runner,378,25
2022,halfmarathon,Runner,379,25
2022,halfmarathon,Runner,380,25
2022,halfmarathon,Runner,381,25
2022,halfmarathon,Runner,382,25
2022,halfmarathon,Runner,383,25
2022,halfmarathon,Runner,384,25
2022,halfmarathon,Runner,385,25
2022,halfmarathon,Runner,386,25
2022,halfmarathon,Runner,387,25
2022,halfmarathon,Runner,388,25
2022,halfmarathon,Runner,389,25
2022,halfmarathon,Runner,390,25
2022,halfmarathon,Runner,391,25
2022,halfmarathon,Runner,392,25
2022,halfmarathon,Runner,393,25
2022,halfmarathon,Runner,394,25
2022,halfmarathon,Runner,395,25
2022,halfmarathon,Runner,396,25
2022,halfmarathon,Runner,397,25
2022,halfmarathon,Runner,398,25
2022,halfmarathon,Runner,399,25
2022,halfmarathon,Runner,400,25
2022,halfmarathon,Runner,401,25
2022,halfmarathon,Runner,402,25
2022,halfmarathon,Runner,403,25
2022,halfmarathon,Runner,404,25
2022,halfmarathon,Runner,405,25
2022,halfmarathon,Runner,406,25
2022,halfmarathon,Runner,407,25
2022,halfmarathon,Runner,408,25
2022,halfmarathon,Runner,409,25
2022,halfmarathon,Runner,410,25
2022,halfmarathon,Runner,411,25
2022,halfmarathon,Runner,412,25
2022,halfmarathon,Runner,413,25
2022,halfmarathon,Runner,414,25
2022,halfmarathon,Runner,415,25
2022,halfmarathon,Runner,416,25
2022,halfmarathon,Runner,417,25
2022,halfmarathon,Runner,418,25
2022,halfmarathon,Runner,419,25
2022,halfmarathon,Runner,420,25
2022,halfmarathon,Runner,421,25
2022,halfmarathon,Runner,422,25
2022,halfmarathon,Runner,423,25
2022,halfmarathon,Runner,424,25
2022,halfmarathon,Runner,425,25
2022,halfmarathon,Runner,426,25
2022,halfmarathon,Runner,427,25
2022,halfmarathon,Runner,428,25
2022,halfmarathon,Runner,429,25
2022,halfmarathon,Runner,430,25
2022,halfmarathon,Runner,431,25
2022,halfmarathon,Runner,432,25
2022,halfmarathon,Runner,433,25
2022,halfmarathon,Runner,434,25
2022,halfmarathon,Runner,435,25
2022,halfmarathon,Runner,436,25
2022,halfmarathon,Runner,437,25
2022,halfmarathon,Runner,438,25
2022,halfmarathon,Runner,439,25
2022,halfmarathon,Runner,440,25
2022,halfmarathon,Runner,441,25
2022,halfmarathon,Runner,442,25
2022,halfmarathon,Runner,443,25
2022,halfmarathon,Runner,444,25
2022,halfmarathon,Runner,445,25
2022,halfmarathon,Runner,446,25
2022,halfmarathon,Runner,447,25
2022,halfmarathon,Runner,448,25
2022,halfmarathon,Runner,449,25
2022,halfmarathon,Runner,450,25
2022,halfmarathon,Runner,451,25
2022,halfmarathon,Runner,452,25
2022,halfmarathon,Runner,453,25
2022,halfmarathon,Runner,454,25
2022,halfmarathon,Runner,455,25
2022,halfmarathon,Runner,456,25
2022,halfmarathon,Runner,457,25
2022,halfmarathon,Runner,458,25
2022,halfmarathon,Runner,459,25
2022,halfmarathon,Runner,460,25
2022,halfmarathon,Runner,461,25
2022,halfmarathon,Runner,462,25
2022,halfmarathon,Runner,463,25
2022,halfmarathon,Runner,464,25
2022,halfmarathon,Runner,465,25
2022,halfmarathon,Runner,466,25
2022,halfmarathon,Runner,467,25
2022,halfmarathon,Runner,468,12
2022,halfmarathon,Wheelchair,1,4
2022,halfmarathon,Handcycle,1,4
2022,halfmarathon,Duo,1,5
2022,5k,Runner,1,25
2022,5k,Runner,2,25
2022,5k,Runner,3,25
2022,5k,Runner,4,25
2022,5k,Runner,5,25
2022,5k,Runner,6,25
2022,5k,Runner,7,25
2022,5k,Runner,8,25
2022,5k,Runner,9,25
2022,5k,Runner,10,25
2022,5k,Runner,11,25
2022,5k,Runner,12,25
2022,5k,Runner,13,25
2022,5k,Runner,14,25
2022,5k,Runner,15,25
2022,5k,Runner,16,25
2022,5k,Runner,17,25
2022,5k,Runner,18,25
2022,5k,Runner,19,25
2022,5k,Runner,20,25
2022,5k,Runner,21,25
2022,5k,Runner,22,25
2022,5k,Runner,23,25
2022,5k,Runner,24,25
2022,5k,Runner,25,25
2022,5k,Runner,26,25
2022,5k,Runner,27,25
2022,5k,Runner,28,25
2022,5k,Runner,29,25
2022,5k,Runner,30,25
2022,5k,Runner,31,25
2022,5k,Runner,32,25
2022,5k,Runner,33,25
2022,5k,Runner,34,25
2022,5k,Runner,35,25
2022,5k,Runner,36,25
2022,5k,Runner,37,25
2022,5k,Runner,38,25
2022,5k,Runner,39,25
2022,5k,Runner,40,25
2022,5k,Runner,41,25
2022,5k,Runner,42,25
2022,5k,Runner,43,25
2022,5k,Runner,44,25
2022,5k,Runner,45,25
2022,5k,Runner,46,25
2022,5k,Runner,47,25
2022,5k,Runner,48,25
2022,5k,Runner,49,25
2022,5k,Runner,50,25
2022,5k,Runner,51,25
2022,5k,Runner,52,25
2022,5k,Runner,53,25
2022,5k,Runner,54,25
2022,5k,Runner,55,25
2022,5k,Runner,56,25
2022,5k,Runner,57,25
2022,5k,Runner,58,25
2022,5k,Runner,59,25
2022,5k,Runner,60,25
2022,5k,Runner,61,25
2022,5k,Runner,62,25
2022,5k,Runner,63,25
2022,5k,Runner,64,25
2022,5k,Runner,65,25
2022,5k,Runner,66,25
2022,5k,Runner,67,25
2022,5k,Runner,68,25
2022,5k,Runner,69,25
2022,5k,Runner,70,25
2022,5k,Runner,71,25
2022,5k,Runner,72,25
2022,5k,Runner,73,25
2022,5k,Runner,74,25
2022,5k,Runner,75,25
2022,5k,Runner,76,25
2022,5k,Runner,77,25
2022,5k,Runner,78,25
2022,5k,Runner,79,25
2022,5k,Runner,80,25
2022,5k,Runner,81,25
2022,5k,Runner,82,25
2022,5k,Runner,83,25
2022,5k,Runner,84,25
2022,5k,Runner,85,25
2022,5k,Runner,86,25
2022,5k,Runner,87,25
2022,5k,Runner,88,25
2022,5k,Runner,89,25
2022,5k,Runner,90,25
2022,5k,Runner,91,25
2022,5k,Runner,92,25
2022,5k,Runner,93,25
2022,5k,Runner,94,25
2022,5k,Runner,95,25
2022,5k,Runner,96,25
2022,5k,Runner,97,25
2022,5k,Runner,98,25
2022,5k,Runner,99,25
2022,5k,Runner,100,25
2022,5k,Runner,101,25
2022,5k,Runner,102,25
2022,5k,Runner,103,25
2022,5k,Runner,104,25
2022,5k,Runner,105,25
2022,5k,Runner,106,25
2022,5k,Runner,107,25
2022,5k,Runner,108,25
2022,5k,Runner,109,25
2022,5k,Runner,110,25
2022,5k,Runner,111,25
2022,5k,Runner,112,25
2022,5k,Runner,113,25
2022,5k,Runner,114,25
2022,5k,Runner,115,25
2022,5k,Runner,116,25
2022,5k,Runner,117,25
2022,5k,Runner,118,25
2022,5k,Runner,119,25
2022,5k,Runner,120,25
2022,5k,Runner,121,25
2022,5k,Runner,122,25
2022,5k,Runner,123,25
2022,5k,Runner,124,25
2022,5k,Runner,125,25
2022,5k,Runner,126,25
2022,5k,Runner,127,25
2022,5k,Runner,128,25
2022,5k,Runner,129,25
2022,5k,Runner,130,25
2022,5k,Runner,131,25
2022,5k,Runner,132,25
2022,5k,Runner,133,25
2022,5k,Runner,134,25
2022,5k,Runner,135,25
2022,5k,Runner,136,25
2022,5k,Runner,137,25
2022,5k,Runner,138,25
2022,5k,Runner,139,25
2022,5k,Runner,140,25
2022,5k,Runner,141,25
2022,5k,Runner,142,25
2022,5k,Runner,143,25
2022,5k,Runner,144,25
2022,5k,Runner,145,25
2022,5k,Runner,146,25
2022,5k,Runner,147,25
2022,5k,Runner,148,25
2022,5k,Runner,149,25
2022,5k,Runner,150,25
2022,5k,Runner,151,25
2022,5k,Runner,152,25
2022,5k,Runner,153,25
2022,5k,Runner,154,25
2022,5k,Runner,155,25
2022,5k,Runner,156,25
2022,5k,Runner,157,21
2022,5k,Wheelchair,1,8
2022,5k,Handcycle,1,3
2022,5k,Duo,1,2
